name,count
Bela,4
Ismaeel,1
Brge,4
Emil,22
Marius,13
Vilhelm,17
Kustaa,4
Galindo,2
Anders,19
Erik,68
Benjamin,11
Duane,4
E,1491
James,133
John,182
Kenneth,19
Michael,114
Ross,9
Teboho,1
Ensio,9
Martin,55
Johannes,69
Yeshaneh,1
Hadis,1
Dabbaghi,1
Haj,2
Murshid,1
Saeidi,1
Dias,6
Salam,3
Haroun,1
Abdelgadir,1
Ali,56
Amid,1
Atif,2
Aziz,12
Djalil,1
Fattah,3
Ghani,5
Hak,1
Hakim,1
Hamed,3
Hamid,8
Kader,9
Krim,2
Latif,5
Madjid,1
Majid,5
Moneim,2
Nasser,2
Rahman,5
Razek,1
Razzak,2
Salem,3
Sattar,1
El,9
Ennaji,1
Mohamed,57
Muhammad,11
Ben,66
Waiss,1
Said,6
Fatemi,1
Ibrahim,16
Mamadou,1
Karim,9
Samba,1
Ahad,1
Baser,1
Ganiyu,2
Ghafar,1
Ghafoor,3
Ghasem,1
Halim,1
Haseem,1
Jabbar,2
Khadre,1
Khalik,1
Lahij,1
Majeed,1
Malik,2
Mohsen,1
Qayyum,1
Raab,1
Rashid,5
Razzaq,1
Reza,18
Ridha,1
Shacour,1
Wahab,2
Waheed,1
Wahid,1
Bulayevich,1
Ladan,1
Alibekovich,1
Abdulaziz,1
Abdulrahman,5
Abdulrazaq,1
Abkar,1
Al-Waked,1
Azzan,1
Basheer,1
Faraj,2
Hel,1
Mohammad,11
Mohsin,2
Noor,1
Ramadan,1
Roaei,1
Salim,5
Sulaiman,3
Hala,1
Aregawi,1
Gyekye,1
Csar,9
Kiprop,2
Sarmientos,2
Slanang,1
Vzquez,8
Cuevas,3
Fernndez,32
Ros,5
Shyam,2
Rosario,2
Olugbemiga,1
Kayratovich,1
Almeida,2
Chapin,1
Mares,1
Rejaile,1
Al-Seddik,1
Ahmad,9
Chebii,1
Kepsin,1
Kipchirchir,3
Mora,9
Naibei,1
Leukie,1
Cherkos,1
Bakr,2
Abbas,2
Sadiq,1
Haydar,1
Talebi,1
Abaytovich,1
Gary,6
Alberto,43
Eugne,7
Kjr,2
Batista,3
Antony,3
Bart,1
Beattie,3
Daniel,52
David,100
Edward,100
Graham,13
Jamie,2
Jay,18
John-Georg,1
Jzef,27
Khamidovich,1
Leslie,18
Maria,67
Russell,16
Scott,43
Sebastian,8
Tony,5
Wyman,1
Jurez,2
Donizete,1
Brian,13
Franci,1
Ahmed,28
Massaad,1
Mulla,1
Magallanes,1
Dmitriyevna,8
Dorina,1
Gonzlez,47
Francisco,10
Jos,30
Luiz,8
Virglio,1
De,170
Ferreira,5
Arthur,65
Khalid,1
Khdhayir,1
Rosa,5
Adjeoda,1
Marieme,1
Abuyevich,1
Aliyevich,3
Mario,15
Nuri,1
Friedrich,17
Gustinius,1
Jakob,11
Josef,12
Robert,112
Horta,1
J,2280
Luis,30
Porrata,1
Gustav,13
Emmanuel,6
Thomas,90
Albert,53
Anthony,72
Calero,1
Delano,1
Frederick,41
Howard,16
Ionel,2
Lee,78
M,2591
Mark,22
Maycsell,1
S,912
Wildman,1
Angeles,1
Vladimirova,2
Antonin,1
Amadeo,1
Chacn,2
Daz,18
Lpez,38
Mandarano,1
Oquendo,1
Alves,9
Neliah,1
Gmez,19
Masong,1
Ngo,1
Mafalda,1
Catharina,3
Synnve,2
Preston,2
Magdalena,4
Nkechi,1
Paula,6
Alarcn,3
Aranzbal,1
Argote,1
Bertomeu,1
Caldern,4
Codera,1
Rocha,6
Rodrguez,39
Sancho,2
Sebasti,1
Senin,1
Tamames,1
Zaragoza,1
Kazemi,1
Vafadar,1
Abdallah,3
Amsyar,1
Hassan,15
Jahan,2
Mayez,1
Q,15
Saber,1
Shah,2
Abdo,1
Abdul,23
Abdulkareem,1
Adam,17
Amin,3
Bader,2
Bel,7
Bushara,2
El-Said,1
El-Sayed,9
Fouad,2
Ghanim,1
Ghmin,1
H,545
Issa,3
Jassim,4
Jihad,1
Jumaa,2
Kadry,1
Khalil,3
Lutfi,1
Mahmoud,13
Manajid,1
Mohieddine,1
Moustafa,6
Murad,2
Nagui,1
Rajab,1
Salah,6
Sayed,8
Sher,2
Wagih,2
Yahya,2
Youssef,3
Youssif,1
Zairi,1
Suat,1
Tuna,1
Magdi,1
Bilal,1
Reyna,1
Joseph,107
Allan,29
Antero,34
Cid,1
Artolazbal,1
Margaret,18
Martnez,37
L,1721
Singh,101
Raj,6
Del,15
Kargar,1
Gadallah,1
Charievna,1
Arimo,1
Ilari,3
Uolevi,6
Claire,9
Abdullah,8
Einar,14
Henry,83
Hroar,1
Dostykovich,1
Ajiede,1
El-Din,11
Motar,1
Brigion,1
Clerk,2
Maxime,1
Pierre,16
van,90
Anatolyevich,60
Andrew,40
Boone,1
Bunyard,1
C,1112
Chester,9
Christian,50
Frank,21
Herbert,19
Hubert,12
Jerome,7
Kazbekovich,1
Lawrence,13
Leo,9
Malcolm,8
Philip,13
Richard,59
Trevor,5
Wardwell,1
William,171
Kathryn,5
Olga,2
Stephanie,3
Campbell,11
Leoid,1
Caride,2
Antonio,40
Di,29
de,144
Alphonse,4
Amde,2
Artur,4
Bracero,1
Bryan,7
Charles,86
Clinton,2
Edison,1
Eduardovich,7
Ernest,20
Evald,2
Ferrer,5
Frits,2
George,55
Georgiyevich,20
Gunnar,32
Hermoso,1
Ivanovych,29
Julius,12
Karl,21
Kibichii,1
Legrand,1
Leonard,13
Lovejoy,1
Luque,1
Meyong,1
Mikael,27
Paul,57
Philippe,3
Proctor,1
Puig,3
Ralph,10
Rolf,3
Stephan,2
Torres,15
Victor,24
le,17
Boatema,1
Anne,41
Van,110
A,2539
Angel,8
Areces,1
Bauday,1
Bremauntz,1
Canal,1
Conrad,6
Cordoba,1
Da,6
Disera,1
Domnguez,9
Egea,1
Escobar,3
Escoto,1
Gallardo,2
Garca,57
Henri,16
Ignacio,5
Jarrn,1
Macas,4
Manuel,23
Mendes,3
Moreiras,1
Munrriz,1
Pedro,8
Pereira,3
Rafael,9
Ramos,13
Rubio,3
Snchez,36
Solanas,1
T,555
Valtierra,1
Villalta,1
Vitoria,1
lvarez,11
Cornelis,6
Sigfrid,3
Ildusovna,1
Mykolaivna,2
Persson,1
D,976
Risco,1
Short,1
Vasallo,1
Imants,1
Luciano,4
Maurice,15
Omar,12
Franch,1
Fuentes,6
Garza,4
Llaneza,1
Marta,1
Ortega,4
Tern,2
Amezcua,1
Ariel,7
Arteche,1
Carbonell,2
Davila,1
Falla,1
Guzmn,6
Hernndez,41
Herrera,9
Juan,10
Marcelo,4
Montoya,4
Ortz,9
Pea,10
Quiroz,1
R,1145
Siqueiros,1
Terrones,1
Dimitrov,20
Emilov,3
Stoyanov,6
Andrzej,14
Bronisaw,2
Dominik,4
Jan,48
Lech,2
Marian,12
Afanasyevich,4
Alekseyevich,37
Andreyevich,34
Apollonovich,1
Arkadyevich,1
Borisovich,23
Diomidovich,1
Dmitriyevich,22
Fedoseyevich,1
Fyodorovich,14
Gennadyevich,22
Genrikhovich,2
Grigoryevich,25
Igorevich,15
Ivanovich,99
Lvovich,3
Lyudvigovich,1
Mikhailovich,3
Mikhaylovich,70
Musafovich,1
Nikiforovich,1
Nikolayevich,128
Olegovich,14
Pavlovich,29
Petrovich,47
Sergeyevich,86
Tikhonovich,1
Timofeyevich,3
Trofimovich,2
Valeryevich,18
Vasilyevich,62
Viktorovich,81
Yakovlevich,8
Yevgenyevich,33
Yudayevich,1
Yuryevich,30
Andreyevna,24
Arkadyevna,1
Ivanovna,23
Sergeyevna,52
Valeryevna,27
Vasilevna,1
Viktorovna,47
Yevgenyevna,16
Yuryevna,22
Edmundovich,1
Filippovich,2
Leonidovich,18
Vitalyevich,10
Bezabeh,1
Bekele,3
Ferezin,2
Nobre,1
Valrie,1
Georgiyevna,1
Mikhaylovna,23
Nevada,1
Hilde,1
Hideo,1
Jason,13
Misael,1
von,87
Adrianus,3
Baird,2
Douglas,36
Elsdon,1
Espinoza,1
Grant,8
Lennart,26
Lerionka,1
Malleta,1
Mathias,4
Phimister,1
Townsend,1
Zerdini,1
Caso,1
Jane,40
Louise,48
Vaksvik,1
Altair,1
Gemignani,1
Cabral,1
Andrei,4
Barabas,1
Bogdan,4
Bell,2
Ramrez,8
Argilagos,1
Arias,5
Batle,1
Chiclana,1
Enam,1
Evgeni,1
Malkolm,1
Mrquez,9
Valido,1
Vila,4
Lucienne,2
Aage,8
Bertil,15
Birger,10
Ingmar,1
Johan,46
Kristian,15
Kristoffer,6
Lied,1
Ove,9
Petter,7
Reidar,2
Steen,6
Werner,13
Felix,10
Stanisaw,21
Abelln,1
Blanco,12
Carbajo,1
Casasempere,1
Cnovas,1
Gerald,8
Jaramillo,1
Jones,5
Prez,38
Reyes,8
Stoopen,1
Tusell,1
Zamora,4
Karls,1
Addo,1
Alexander,62
Amon,1
Collingwood,1
Dodd,1
Harold,19
Hartman,1
Heacock,1
Jerzy,7
Kirwa,1
Lewis,15
Louis,36
MacDonald,3
Reginald,12
Schmidt,1
Sydney,6
Theodor,13
Viggo,4
W,600
Wilhelm,44
Angulo,2
Arango,1
Bogarn,1
Carneros,1
Carrillo,3
Cipriano,1
Demetrio,1
Despaigne,4
Deza,1
Duvergel,2
Far,1
Girn,1
Goyeneche,1
Grisi,1
Jacobo,2
Leyva,2
Marcuo,1
Montenegro,2
Navarrete,1
Paolo,10
Rigau,1
Sauza,1
Talavera,1
Valladares,3
ngel,17
Abraham,8
Abdalla,1
Abdel,20
Badara,1
Bahri,1
Cafer,1
Eren,1
Faez,2
Foulieh,1
Hassain,1
Husni,1
Ismael,2
Ismail,8
Kadhum,1
Kamal,4
Murat,1
Rza,3
Safa,1
Saleh,9
Shabanovich,1
Sultan,4
Tarek,1
Tawfik,2
Saeed,4
Alikovich,2
Aprot,1
Barringer,1
Eileen,2
Elizabeth,44
Maxine,2
Peta,1
Magaz,1
Urrutia,5
Yakovych,3
Maksimovich,3
Petrovna,14
Ramona,2
Vera,4
Yanivna,1
Yegorovna,3
Reich,2
Villares,1
Yuzy,1
Rebecca,3
Helen,6
Leigh,10
Magdalene,1
Murray,14
Fergus,2
Samuel,13
August,26
Ejvin,1
Gunthard,1
Hagelskjr,1
Hundstrup,1
Mervyn,2
Normann,2
Oskar,13
Ray,20
Richardovich,1
Rodenkam,1
Shanks,1
Thurston,1
Wade,7
Dorian,2
Ezail,1
Tarwater,1
Elena,8
Lynn,29
Wayne,16
Delia,1
Wilford,1
Mahmud,3
Vara,1
Georg,24
Sigfrido,1
Anatolivna,6
Heinze,3
Mariscal,2
Valdez,2
Harding,2
Pires,2
B,624
Adrien,3
Hercule,1
Honor,2
Correia,1
Roy,18
Merlin,1
Marenco,1
Tito,1
Vilela,1
Cyrrale,1
Herman,10
Igorevna,20
Flix,5
Jean,34
Labarta,1
Media,1
O,140
Cir,1
Diop,2
Erbina,1
Ugartamenda,1
Yubi,1
Hammild,1
Ullah,5
Wote,1
Joy,8
Mildred,1
Susan,7
Yvette,3
Chantal,4
Carsares,1
Reto,1
Andrs,7
Garbayo,1
Jo,12
Sikosang,1
Val,1
Bibby,1
Imanuel,1
Hadidi,1
Abdelhamid,1
Aboubakar,1
Hussin,1
Iqbal,3
Tavakolian,1
Prasad,3
Hamizan,1
Kumar,29
Attwan,1
Shabbir,2
Bach,2
Masoud,2
Coffin,2
Burr,1
Patrick,41
Ayala,2
Garcia,4
Nordal,1
Alexandra,4
Birnie,1
Heather,2
Jun,2
Y,48
Yoder,1
Carolina,6
Cludia,1
Iulia,1
Luiza,2
Mendoza,5
Mirela,2
Montero,2
Roxana,2
Sofia,1
Veronica,1
Jimnez,14
Viviana,1
Ram,4
Ntchaga,1
Katerina,1
Alekseyevna,14
Eduardovna,6
Gennadyevna,13
Hennadivna,1
Romanivna,2
Serhivna,16
Valerivna,5
Vasilyevna,23
Vladimirovna,64
Yurivna,11
Zongo,1
Antonovych,3
Borysovych,3
Dmytrovych,6
Mykolaiovych,25
Oleksiyovych,9
Petrovych,9
Ilyich,5
Kuzmich,4
Nikitovich,1
Semyonovich,11
Stepanovich,7
Yefimovich,1
Namrukwen,1
Brje,4
Christer,7
Eggert,2
Fredrik,24
Geert,2
Hjalmar,6
Hkan,9
Ingemar,12
Jrgen,8
Niclas,2
Nielsen,4
Otto,28
Patrik,9
Peter,67
Rasmussen,2
Roland,17
Tommy,6
Walter,26
Ward,4
stre,1
Frana,1
Eugene,17
Baptiste,3
Ernesto,8
F,568
Gustavo,8
Kimbu,1
Lamar,2
Le,27
Linhares,1
Mike,2
Vorraber,1
Yves,4
mile,10
Alfred,32
Kareem,1
Tyler,3
Alessandro,1
Alina,4
Barbara,5
Blas,1
Casasnovas,1
Foglia,2
Gay,3
Martina,1
Nicolas,4
Prono,2
St,2
Susana,2
Sybille,1
Beyer,1
Christopher,31
Engelbert,2
Gustaf,11
Jens,2
Laurits,3
Matthias,3
Schilling,1
Ionu,2
Xepkin,1
Cavalari,1
Canals,1
Adibo,1
Alan,36
Arap,1
Binger,1
Brodie,1
Bruce,19
Derek,6
Duncan,9
G,553
Hedley,1
Lester,4
Matthew,11
Nathaniel,5
Samter,1
Spencer,6
Teisher,1
Fonseca,2
Germanovich,2
Quintero,3
Vadimovich,6
Veselinova,1
Stipanii,1
Andriyovych,6
Myronovych,1
Nesterovych,1
Olehovych,4
Pavlovych,8
Vasylovych,18
Vitaliyovych,7
Zygmuntovych,1
Alejandro,10
Arturo,3
Ballb,1
Crespo,2
Duarte,7
Franco,5
Gerard,13
Iniesta,2
Martn,19
Mendieta,2
Mitrovic,1
Navarro,5
Neubauer,1
Nicols,4
Recalde,1
Ruz,10
Seperizza,1
Tan,3
Laffita,1
Aleksander,10
Gsienica,5
Janusz,6
Jarosaw,2
Karol,4
Lucjan,2
Mieczysaw,8
Ryszard,4
Tomasz,6
Wadysaw,12
Wojciech,8
Zdzisaw,6
Raymond,26
Santesteban,1
Stangeland,1
Guerra,6
Ree,1
Viborg,1
Angelov,4
Beltrn,2
Bonchev,2
Denis,3
Eloy,1
Gochev,1
Hermida,1
Merdzhanov,1
Metodiev,2
Padrn,1
Romn,4
Sirakov,1
Gaye,1
Mary,27
Pumariega,1
Terese,2
Camilla,3
Pavlovna,7
Romanovna,1
Trifnova,1
Elisabeth,17
Fulvio,1
Orjuela,2
Larios,1
Weatherit,1
Whare,1
Aleksandrova,1
Santiago,7
Silva,7
Irarrazbal,1
Lucette,1
Nikolova,5
Necol,1
Jul,2
Nadai,1
Grete,1
Kristin,5
Linnaea,1
Maree,6
Marie,90
Stewart,10
Accensi,1
Boada,1
Boena,1
Borisovna,11
Christina,7
Cruz,3
Elbieta,2
Greta,1
Isabelle,3
Jadwiga,3
Karolna,1
Krisztina,1
Leonidovna,7
Lucyna,1
Luisa,4
Malin,2
Malvina,1
Marita,1
Montaana,1
Mykolavna,16
Nikolayevna,36
Romzatovna,1
Sagtanovna,1
Sanchis,1
Therese,4
Ulrika,2
Vania,2
Vitalyevna,5
Juliet,1
Engelbreth,1
Birgitta,2
Dorthe,1
Dsane,1
Grethe,1
Johanna,13
Karin,2
Line,1
Molin,1
Rosemary,3
Summertime,1
Stphanie,2
Kristina,7
Ulrica,1
Huygens,1
Meineche,1
Rivera,8
Muoz,7
Fabienne,2
Marlen,1
Tomislav,1
Hjalmari,1
Sitraka,1
Avon,1
Francis,48
Horace,3
Marcus,7
McConnor,1
N,375
Nomar,1
P,877
Stanley,13
Stuart,16
Toi,1
Lalit,1
Von,4
Garrote,1
Adriano,1
Carlos,32
Dirceu,2
Fernandes,3
Fial,1
Gentil,1
Gonalves,5
Mattar,1
Rebello,1
Luc,5
Ntsana,1
Roger,18
Amewu,1
Edvart,1
Glebovich,1
Gotthard,1
Hermann,12
Ildusovich,1
Manfred,4
Markovych,1
Milanov,2
Sashov,1
Luca,4
Luigina,1
Scanavino,1
Franciszek,5
Naudi,1
Abadia,1
Ahumada,2
Alfaro,5
Andreu,1
Arroyo,3
Augusto,9
Baos,2
Caballero,2
Chocano,1
Codina,2
Culebras,1
Deon,1
Esparragoza,1
Esteller,1
Garcs,1
Gin,2
Hoffmann,1
Keithflen,1
Len,5
Miguel,11
Nava,2
Nestor,2
Olmo,1
Pez,1
Pinilla,1
Pramo,1
Provenzani,1
Rastrelli,1
Roberto,9
Roldn,3
Rosado,1
Salazar,4
Salvador,3
Subirana,1
Ugalde,2
Vega,6
Vila-Coro,1
Budi,1
Gerardus,2
Franciscus,4
Akseli,2
Eino,2
Kalervo,20
Markus,11
Sakari,13
Sami,2
Tapani,26
Jormanpoika,1
Delgado,13
Toritseju,1
Marjo,1
Devi,1
Bandara,1
Rafayelovich,1
Viktorivna,15
Adamovich,2
Suadinovich,1
Raviyawa,1
Zlatkov,2
Khamzatovich,1
Witali,1
Ibragimovich,2
Gupha,1
Benoit,1
Fouodji,1
Manning,1
Standish,2
Bernardus,2
Casimiro,1
Henrik,22
Juhani,51
Olavi,37
Vichy,1
Solomon,2
Arnaldo,1
Cevans,1
Olascoaga,1
D'Andre,1
Mayero,1
Eigil,2
Piotr,15
Rafa,2
Vincent,16
Sierra,2
Leocadio,1
Vaganovich,2
Alexandre,3
Jacques,5
Alemn,1
Alfonso,4
Castillo,11
Estrada,7
Melgar,2
Reimund,1
Mesa,7
Romas,1
Leif,4
Magnus,27
Mainor,1
Morten,1
Nannestad,1
Pedersen,4
Kolbjrn,1
Alcolea,1
Arturovich,2
Bernhard,12
Eberhard,2
Franqui,1
Nottage,1
Vivian,3
Rbago,1
orkell,1
Betancourt,3
Kipchumba,3
Lars-Gran,1
Zhorayevich,1
Bentez,3
Larosa,1
Kra,1
Serhiyovych,7
Gavezou,1
Armstrong,1
Ashton,1
Bomfim,1
Dobson,1
Drummond,3
Dudley,2
Edwin,15
Greville,1
Harling,1
Nicolai,2
Power,1
Reeblin,1
Ringland,1
Vagn,2
Valentine,3
Wood,5
Woodbury,1
Yancey,1
Harald,9
Jalmari,3
Kalevi,31
Razmikovich,2
Wacaw,1
Casado,3
Chvez,6
Coste,1
Eric,17
Ferreyros,1
Figueroa,7
Griz,1
Lazaro,1
Malaquias,1
Mas,2
Medina,4
Melcher,1
Rivarola,2
Salfran,1
Valentn,1
Sarkisovich,1
Oto,1
Laurentius,5
Leander,2
Moazami,1
Anselm,3
Nasimi,1
Tehrani,1
Sabziyevich,1
Rudolf,15
Flores,4
Georgiev,18
Ivanov,20
Todorov,7
Ivy,1
Zhumashovich,1
Katherine,4
Kemarley,1
Ann,83
Gordon,30
Julia,2
Amgad,1
El-Kordy,1
Shafik,1
Takera,1
Tiksa,1
Sabalakovich,1
Berleshevich,1
Rakhatovich,1
Tapio,14
Feliss,1
Antonovich,7
Nikodimov,1
Gardner,3
Romero,14
Llewellyn,2
Domenech,1
Ocasio,2
Gospodinov,1
Kostov,2
Mikhaylov,2
Vasilev,9
Ferguson,1
Koppang,1
Sturla,1
Yero,1
Mohammed,9
Shumrani,1
Sin,3
Maphosa,1
Strode,1
Hugh,11
Koumba,1
La,7
Gudmund,1
Helge,7
Matias,8
Ragnar,5
Kiprono,3
Olatunji,2
Owen,5
Castro,12
Nicolini,1
da,8
Odartei,1
Lemuel,1
Aye,2
Mihai,3
Chu,4
Janet,1
Dongmo,1
Chamorro,1
Eugenia,2
Morgan,6
Olivia,1
Waquawuca,1
Muriel,1
Ly,3
Moukhtar,1
Adolf,18
Christof,1
Erland,1
Flemming,3
Mller,10
Valentin,6
Nailevich,1
Oktay,1
Abshero,1
Agdarbekovna,1
Bulatovna,2
Pourtaghi,1
Ruano,1
Asli,1
Tariq,2
Rehman,1
Singhe,1
Dharamji,1
Hamilton,6
Ty,1
Bakhytovich,1
Chettri,1
Gurung,1
Morteza,1
Lal,5
Gabitovich,1
Sandhu,1
Kaur,3
Kroly,1
Latrompette,1
Merje,1
Carruthers,1
Awadallah,1
Bronisawa,1
Diane,4
Ellen,18
June,3
Udoezi,1
Charlotte,3
Viveros,1
Carl,17
Franklin,14
Kirk,2
Ricardo,10
Koffi,2
Esono,1
Mariusz,2
Bahadur,15
Feleke,1
Magomedovich,4
Cholmondel,1
Gorgis,1
I,137
lvez,1
Mathijs,2
Demyanovich,1
Alice,5
Saubidet,1
Marshall,10
Molina,3
Grayna,2
Jolanta,1
Chepkoech,1
Futuro,1
Moreira,3
Nogalez,1
Ortiz,1
Zaneratto,1
Nazum,1
Buassat,1
Gumucio,1
Tayebi,1
Ghaedi,1
Istvan,4
Mrio,1
Salgado,1
Oljira,1
Kim,14
Adaluz,1
Assou,1
Pl,2
Mrton,1
Folke,5
Gran,10
Gustafsson,1
Hugo,18
Mattias,5
Olof,16
Stefan,17
Vilgot,2
Bertrand,5
Giuseppe,3
Basil,4
Brou,1
Chambers,1
Esteves,1
Packey,1
Cardona,2
Vicedo,1
Jamaal,1
Fomsgaard,1
Gotfred,1
Kiplagat,3
Blach,1
Kurt,5
Desta,1
Ingi,3
Annika,1
Hudtloff,1
Lakhdar,1
Lowndes,1
Claiborne,1
Hill,2
Lionel,2
Ngumba,1
Nii,1
Pawe,9
Alfonsel,1
Aor,1
Baloyes,1
Guerrero,7
Oneto,1
Hermanus,1
Edvin,10
Max,5
Ronny,4
ke,5
Hayworth,1
Vaughn,2
Bonastre,1
Teodor,3
Gregers,1
Woodford,1
Wesley,6
Gbongou,1
Zaudinovich,1
Sado,1
Georgina,1
Desalegn,1
Zainalovich,1
Khatri,1
Vn,12
Alexandru,9
Andreea,3
Michaela,4
Benova,1
Candelas,1
Hita,1
Alinda,1
Zolfaghar,1
Kerem,1
Shugi,1
Joe,4
Chandra,8
Ganev,1
Zahra,2
Nath,5
Axelsson,1
Erling,4
Ernst,13
Eugen,5
Gabriel,13
Olaus,2
Melgaard,2
Yemataw,1
Amore,1
Viktor,8
Lhnner,1
Andreas,23
Anker,1
Borgen,2
Sigmund,1
Adelbert,2
Cameron,7
Goldesbrough,1
Onslow,1
Yepmou,1
Ares,1
Lacambra,1
Manchn,1
Martn-Calero,1
Rapheal,1
Evert,15
Gunnarsson,1
Hee,4
Karl-Olof,1
Melker,1
Niklaes,1
Pontus,4
Sune,3
Ulf,2
Valdemar,12
Krzysztof,8
Laureniu,1
Tsvetanov,1
Marek,8
Modualdo,1
Madalena,1
Graeme,4
Wonderboy,1
Hie,1
Ontuga,1
Leoncio,2
Wiryawan,1
Yusak,1
Tth,2
Alvar,2
Andrianovich,2
Davidovich,2
Dugdanovich,1
Maksovich,1
Nikitich,3
Silovich,1
Zhamyanovich,1
Bratkov,1
Kirilov,2
Krastev,3
Stefanov,5
Milkova,1
Iradier,2
Mykhailovych,13
Prez-Pla,1
Sidiki,1
Dow,1
Naydenov,2
LaVern,1
Lane,4
Daoud,2
Id,1
Shazam,1
Sue,6
Arlington,1
Bcquer,1
Cornudella,1
Pla,2
Mackenzie,5
Roque,1
Joan,6
Emmet,1
Dennis,4
Graydon,1
Thales,1
Cabello,1
Dewey,3
Timothy,4
Ludvig,9
Worziger,1
Allen,26
Barrett,2
Boyer,1
Carter,3
Costales,1
Dam,1
Farmer,1
Gwynne,1
Kennedy,3
Linford,1
Pavia,2
Richardson,3
Ronald,10
Santa,2
Sean,8
Walford,1
Kay,8
Lea,4
Yamala,1
LaShea,1
Christine,12
Jeanne,1
Agatha,1
Yevette,1
Hilbert,1
Ingvar,6
West,1
Algot,3
Joel,16
Rune,4
Alec,1
Bernard,14
Donald,10
Ellery,1
Emery,2
Fergusson,1
Gavan,1
Hibbert,1
Jarrod,1
Lindsay,7
Noel,7
Phillip,5
Gavrilov,1
Bitencourt,1
Cornet,1
Engelbrecht,1
Flavien,1
Lima,2
Lorenzo,4
Mendona,1
Michel,10
Oscar,25
Uvini,1
Wallace,3
Bagaria,1
Dammy,1
eref,1
Jude,3
Sumeeth,1
Eid,2
Sherwood,1
Truman,1
Norman,12
Henning,5
Xiao,2
Jade,3
Blackman,1
Mwangangi,1
Gregory,5
Norris,2
Vance,2
Gabriela,3
Valle,3
Josefine,1
Anise,1
Oyuayo,1
Klner,1
Theodorus,1
Willem,12
Jerez,1
Eyenga,1
Ann-Marie,1
Armin,1
Cecil,7
Dwayne,2
Edgard,1
Ehrenfried,2
Fabian,3
Heinrich,13
Immanuel,3
Lauritz,1
Nicanor,1
Richardt,1
Rosenlund,1
Sander,1
Yngvar,1
Frances,7
Renee,5
Salom,2
Sanz,4
Amerigo,1
Leonardo,4
Luigi,9
Sisto,1
Tesdorf,1
Vittorio,3
Meneses,3
Abarca,1
Adsera,1
Adueza,1
Alegre,2
Amado,2
Antunes,2
Bez,1
Borja,2
Costa,6
Crosta,1
Dilaut,1
Eduardo,16
Enrique,9
Espejo,1
Falt,1
Gerena,1
Graeff,1
Isturiz,1
Iturri,1
Kirkpatrick,1
Lastre,2
Lobos,1
Loredo,1
Loriente,1
Marcenaro,1
Marchena,1
Mart,4
Melero,1
Mndez,4
Molinares,1
Monges,1
Morfn,1
Motta,3
Noroa,1
Peralta,3
Prendes,1
Prieto,2
Puyol,1
Ramn,5
Reed,2
Rocuant,1
Rodolfo,4
Rodolpho,1
Rolando,1
Rtiz,2
Rubn,4
Sal,2
Sastre,1
Saur,1
Soto,6
Thompson,6
Tobalina,1
Torrent,1
Tovar,1
Valcrcel,1
Varela,2
Vsquez,3
Ciganda,1
Petcham,1
Alfredo,8
Cabrera,5
Goyenechea,1
Travieso,1
Acedo,1
Elisa,1
Joanne,6
Ruth,8
Verd,3
di,4
Beth,18
Page,1
Constantina,1
Salvatella,1
Cerqueda,1
Malchair,1
Mjica,1
Pascual,3
Bonde,2
May,11
Stillwell,1
Barse,1
Uwe,1
Jami,1
McGhee,1
Tejeda,1
Mrup,1
Ulrich,2
Schalch,1
Juliana,2
Chiara,2
Brigitte,1
Cicely,1
Ewa,2
Marie-Jeanne,1
Margrethe,4
Hamre,1
Mei,3
Kersasp,1
Ulbrich,1
Boussoughou,1
Thierry,3
Irton,1
Leventhorpe,1
Richmond,1
Roberts,1
Alonso,10
Leal,4
Mandembo,1
Dario,6
Masinde,1
Jokisch,1
Morales,11
Esquivel,1
Barrera,2
Victorino,1
Wiesaw,3
Hon,4
Beyo,1
Kelly,2
Chi,6
Chia,1
Chong,4
Kam,6
Kin,6
King,5
Kong,1
Kooi,1
Ming,9
Pak,2
Siu,1
Suk,4
Ying,2
Yuk,1
Ilunga,1
Nikkin,1
Kala,1
Saikhom,1
Johnson,6
Adolph,2
Aitken,1
Alistair,3
Andr,16
Anthoine,1
Archer,2
Assis,1
Bakule,1
Barney,2
Borden,1
Bradford,4
Buchan,1
Clayton,5
Colin,5
Courtie,1
Darley,1
Desborough,1
Ditman,1
Downing,1
Earl,10
Edmund,13
Ellis,5
Erwin,3
Ewing,1
Farwell,1
Fernando,5
Grantley,1
Granville,3
Guy,8
Harry,11
Hines,1
Hutton,1
Ira,1
Kennett,2
Koshiro,1
Kwablan,1
Lambert,3
Livingstone,2
Lucien,5
Milton,4
Napoleon,7
Oluf,4
Ouradoba,1
Rusty,1
Simon,9
Sneed,1
Speed,1
Symonds,1
Tennant,1
Terry,2
Vendale,1
Waweru,1
White,2
Wilfred,3
Woolley,1
Wynn,1
Yosei,1
Esmee,1
Julie,2
Rose,10
Coronel,2
Harper,1
Hoi,2
Chauzje,1
Camarley,1
Weng,1
Chew,2
Swee,1
Oumar,1
Alicia,4
Blaine,2
Sho,1
Subbaih,1
Younousse,1
Kottieth,1
Deann,1
Nicola,5
Chak,3
Suet,1
Choon,2
Lauretta,1
Wing,5
Dal,2
Ines,2
Masini,1
Augustine,2
Obasi,1
Mou,1
Geetal,1
Hin,3
Ella,1
Elysha,1
Belhaj,1
Ki,7
Kwong,3
Tai,5
Meke,1
O'Reilly,1
Ferrier,1
Nana,1
Annemarie,1
Knagenhjelm,1
Lodewijk,3
Tom,3
Ansgar,1
Dalmau,1
Donfack,1
Flebbe,1
Foget,1
Kjeld,1
Ludger,1
Moritz,3
Olaf,6
Sren,4
Willumsen,1
Yantani,1
Bendt,1
Brregaard,1
Chrysoula,1
Krogshede,1
Nimand,1
Be,1
Irene,4
Patience,1
Robyn,2
Smith,3
Sonali,1
Toews,1
Maude,1
Ogbonna,1
Robin,4
Silas,1
Stephen,17
Ekpukhon,1
Boon,1
Koon,1
Eng,7
Wei,2
Gibson,3
Kathleen,4
Seco,1
Joslyn,1
Lucie,1
Surez,7
Dutra,2
Jesper,3
Thunbo,2
Ture,1
Basiana,1
Espar,1
Villoslada,1
Bitters,1
Darrow,1
Edmond,6
Ingals,1
Iven,1
Oliver,12
Arvo,1
Moses,2
Briar,1
Currie,2
Thorulf,1
Elmo,2
Lavoie,1
Makll,1
Percival,3
Protais,1
Karen,3
Balderrama,1
Dasca,1
Edeltraud,1
Melati,1
Mihaela,1
Henriette,1
Komgang,1
Barrientos,3
Villanueva,2
Bernth,2
Gert,3
Sylvest,1
Orten,1
Adolbert,1
Mabothile,1
Pemberton,2
Rojas,6
Clyde,1
Cook,1
Roseline,1
Eastwood,1
Hlne,1
Coln,6
Silvia,1
Mello,1
Norberto,3
Oliveira,3
Austin,5
Honeysett,1
Luther,3
Whitlock,1
N'Gai,1
Christiaan,5
Shade,1
Clifford,11
McLeod,1
Winston,1
Grace,5
Badillo,1
Bellorin,1
Keith,11
Lydia,1
Sutton,2
Ambroise,2
Ciprian,2
Radu,2
Vasile,2
Piet,2
Denise,7
Hull,1
Lyn,5
Loredana,1
Dawn,4
Kelleher,1
Nycke,1
Hendrik,12
Lambertus,1
Nicolaas,2
Pieter,4
Valter,7
Descy,1
Teodoro,2
Prenafeta,1
Pavel,1
Orville,1
Dallas,4
Dean,10
Harlan,1
Jon,7
Kline,1
Nicholas,6
Sanford,2
Sinclair,3
Steven,16
Bailey,2
Violeta,1
Odera,1
Grez,1
Tauler,1
Bejarano,1
Malmagro,1
Mauro,2
Tello,2
Rebizzi,1
Rogrio,1
Cornejo,2
Georgiana,1
Guinea,1
Llovera,1
Rey,4
Alyssia,1
Azpilicueta,1
Ferreras,1
Gilberto,3
Jorge,9
Osuna,1
Sempere,1
Valds,3
Leandro,2
Antonia,3
Heinz,2
Palmer,3
Shayne,1
Julian,7
Butler,3
Chinedu,2
Edgar,9
Macey,1
Romain,1
Vardon,1
Ignacy,5
Kazimierz,7
Halfdan,3
Vaadjuv,1
Tor,1
Sverre,5
Katarzyna,1
Lara,5
Najim,1
Menezes,1
Maral,1
Alcntara,1
Masfir,1
Irwin,2
Oren,1
Merwa,1
Denver,1
Dutta,1
Cuesta,4
Troy,1
Desprat,1
Cerd,1
Vindel,1
Esbjrn,1
Gheorghe,4
Lee-Anne,1
Andonov,1
Alex,2
Aceves,2
Adelhard,1
Adin,1
Andjar,1
Andre,4
Aranzubia,1
Bogomilov,2
Dohou,1
Edgardo,3
Eral,1
Euclides,1
Freitas,1
Gevargiz,1
Kevin,8
Liam,2
Linton,2
Mateusz,3
McDonald,1
Mensah,4
Morillo,1
N'Dene,1
Owofin,1
Pavn,1
Razo,1
Rodrigo,4
Ryan,9
Santos,9
Sosa,1
Tihomirov,1
Tornado,1
Trujillo,1
Tshiu,1
Vargas,7
Yuste,1
Zane,1
Zayas,1
douard,3
Anguita,1
Matarazzo,1
Emilio,8
Pasquale,1
Elaine,3
Merlyn,1
Mia,2
Nicole,9
Sian,2
Suzanne,2
Yuri,1
Takhirovich,1
Esmeralda,1
Zinnurovich,1
Miranda,3
Deneen,1
Pietro,2
Demba,1
Clarence,1
Radich,1
Della,5
Bogusaw,1
Klemens,2
Villalba,1
Tucker,2
Akim,1
Craig,8
Aloysius,2
Hayward,2
Vasilvyevna,1
Vatslavna,1
Yaroslavovna,1
Godfrey,6
Baban,1
Shorayevich,1
Albelda,1
Alexius,2
Alkon,1
Anaclethe,1
Arnulfo,1
Blane,1
Bror,2
Bryce,2
Davis,3
Descalso,1
Dillon,3
Dixie,1
Donaldson,1
Drury,1
Efford,1
Fisher,1
Forbes,3
Freixa,1
Gareth,1
Geoffrey,8
Harley,1
Hyde,2
Judah,2
Keir,1
Kipkorir,2
Kircher,1
Lachlan,2
Leedom,1
Lepold,1
Lofgren,1
Lovelle,1
Maxwell,3
Meja,2
Moss,1
Munro,3
Nowell,1
Patterson,1
Pimentel,2
Plaza,1
Regalado,1
Robertson,2
Rockwell,1
Roddis,1
Ruto,1
Secker,1
Serrano,3
Singeoi,1
Stokes,2
Story,1
Taylor,13
Terrell,1
Thorn,1
Toivo,1
Trejo,2
Valero,1
Villabona,1
Warren,8
Wiliam,1
Wreyford,1
Gochayevich,1
Martino,2
Seyaum,1
Gandarela,1
Montejo,1
Renata,1
Randazzo,1
Darnell,1
Amir,2
Oakley,1
Jiahui,1
Olivera,3
Saint,2
Couto,2
Beatriz,2
Livingston,1
Bernal,2
Packard,1
Julio,4
Cesar,3
Daba,2
McKee,1
Conrado,1
Dmitryevich,2
Roosevelt,2
Belyanovich,1
Gargaud,1
Maksymilian,1
Sergeevich,3
Esther,3
Porto,1
Dengs,1
Villy,1
Kwan,4
Adjima,1
Gavin,6
Petrvych,1
Viktorovych,15
Yuriyovych,6
Gracia,2
Quade,1
Leshun,1
Reka,1
Peixoto,2
Hayden,2
Dwane,1
Mekonnen,1
Merga,1
Osamuyi,1
Yotova,1
Glover,3
Dante,1
Arsene,1
Sunil,1
Noronha,1
Rakhov,1
Planell,1
Puentes,1
Brittany,1
Box,1
Christa,1
Encinas,1
Monteiro,1
Patricia,11
Carolyn,1
Petra,1
Marwa,1
Wamwiri,1
Georges,8
Ren,14
Allona,1
Arcay,1
Gallo,1
Hernn,3
Lo,5
Miln,1
Orlando,4
Pablo,13
Virgilio,2
Benedikt,1
Delle,2
Wolfgang,3
Lua,1
Azambuja,1
Iliev,2
Nikolov,7
Panayotov,1
Simeonov,1
Velinov,1
Yanev,2
Nickitovitch,1
Lebo,1
Susie,1
Kent,5
Erhardt,1
Kwasi,1
Carreras,1
Lozano,6
Valderrama,2
Lim,1
Tune,1
Bram,1
Marten,2
Moreyna,1
Bethune,1
Idrissa,1
Matveyevich,4
Leonidovych,3
Valeriyovych,9
Marinov,2
Vaskova,1
Checa,2
Zdravkova,1
Franois,9
Embana,1
Amaizn,1
Casco,1
Gmez-Acedo,1
Massaro,1
Angelo,5
Dupont,3
Jayne,4
Ohaco,2
Tanja,1
Bartram,1
Berthold,1
Brett,2
Eaton,2
Emerson,1
Gilkey,1
Jasper,3
Maisiba,2
McNab,1
Onchiri,1
Wailan,1
Caterina,2
Hilda,1
Remour,1
Viorel,1
Enid,2
Eva,2
Jessie,1
Guamuch,1
Edvard,14
Laird,1
McKenzie,3
Mitchell,1
Moody,1
Muir,1
Mercedesz,1
Constantin,3
Jamal,2
Farencena,1
Renard,1
Griffin,1
Sargent,2
den,1
Randhir,1
V,195
Anderson,2
Terrence,2
Dung,1
Charan,3
K,634
Sultanovich,3
Soslanovych,1
Shakirovich,1
Arden,1
Grey,2
Grove,2
Elmer,1
Anna,8
Knud,1
Farrington,1
Benyarko,1
Erdem,1
Jermoni,1
Valenzuela,1
Hartono,1
Marcel,6
Ojeda,3
Branco,1
Baumann,1
Chumacero,1
Duff,1
Inge,4
Lindenau,1
Morrison,2
Padilla,4
Pineda,3
Wells,2
Leite,2
Contreras,7
Ofonime,1
Aparecida,3
Nazareth,1
Hurtado,2
Chewanjel,1
Louisa,2
Winnifred,1
Kramer,1
Virieux,2
Haydn,1
Ludwik,3
Castello,1
Ziga,2
Chumo,1
Ngeringwony,1
Judas,1
Arbs,1
Kaspar,2
Yanovich,2
Aguilar,8
Aznar,1
Fbregas,1
Fiestas,2
Florentino,1
Garduo,1
Graciano,1
Gurbindo,1
Hope,2
Ludwig,9
Manrique,1
Martins,6
Mauricio,3
Neugebauer,1
Novoa,3
Parra,2
Rergis,1
Zazueta,1
Therezino,1
Nils,5
Johans,1
Adams,5
Antoni,14
Burnam,1
Connelly,1
Everett,6
Hewish,1
Jeff,1
Konrad,9
Melville,4
Percy,3
Reese,1
Risk,1
Rogers,1
Sidney,6
Vaughan,3
Willis,3
Wyatt,2
Cassiani,1
Jeyaceilan,1
Laclede,1
Marvin,4
Moore,2
Pellot,1
Wright,6
Barthout,1
Arvid,10
Eelis,3
Eemeli,1
Ilmari,24
Juho,1
Anni,1
Gusquiza,1
Loza,1
lafur,1
Sten,2
Uno,4
Meldgaard,2
Mohajer,1
Aksel,4
Steensrud,1
Bjarne,3
Bruno,10
Friis,1
Jrgensen,1
Thorleif,2
rn,1
Anton,19
Armas,7
Kauno,1
Mauno,1
Andor,1
Prestegrd,1
Sigurd,6
Becker,1
Vejby,1
Arnold,8
Divine,1
Mollerup,1
Sam,3
Purnama,1
Mehdi,2
Campos,5
Beryl,1
Estrela,1
Rnar,1
Alonzo,1
Joanna,4
Irl,1
Monica,2
Ladkova,1
Antn,1
Tulop,1
Nabil,2
Fayre,1
Cervantes,2
Kiptarbei,1
Motonei,1
Vavailagi,1
Amani,2
Esaias,1
Cusma,1
Nom,1
Hove,1
Atanasova,2
Beata,1
Shirley,1
Adhiambo,1
Carina,1
Mabel,2
Josselinne,1
Kate,13
Toni,1
Reid,8
Madison,2
Olegovna,13
Levi,2
Williams,6
Eldarovich,1
Anuarbekovna,1
Rodrgues,1
Abreu,4
Sabelo,1
Manora,1
Viney-Bartel,1
Vereance,1
Watson,2
Thabiso,1
Atanasov,7
Carlysle,1
Esnal,1
Remco,1
Asenov,4
Dankov,1
Odin,1
Gaston,6
Cano,2
Mara,11
Albn,1
Dumestre,1
Lasa,2
Hegh,2
Ballado,1
Bautista,3
Correa,2
Gurruchaga,1
Ratia,1
Vidal,2
lava,1
Docheva,1
Dianne,2
Phillipa,1
Tuba,1
Flash,1
Iwebunor,1
Jillian,1
Korneyevna,1
Stina,1
Addoquaye,1
Jrme,1
Kwame,3
Kwesi,1
Osei,1
Shinkut,1
Weingkro,1
Najem,1
Henryk,2
Helena,6
Eetu,1
Abaroa,1
Agustin,1
Ambrosio,2
Balio,1
Barragn,1
Brol,3
Collazo,1
Deichler,1
Estbanez,1
Guardia,1
Guedes,2
Guittens,1
Heredia,2
Inostroza,1
Lucca,1
Milln,2
Saura,1
Sinz,1
Villaplana,1
del,16
Dinev,2
Tiki,1
Arenas,2
Ashely,1
Bertram,3
Colquhoun,2
Creighton,2
Donu,1
Evan,4
Gautrey,1
Johnstone,1
Lloyd,6
Mahn,1
Mayfield,1
Ogden,2
Tebbe,1
Valfrid,1
Verner,5
Yamoah,1
Ashley,8
Dittmer,1
Ferdinand,18
Theodore,4
Batte,1
Giovanni,3
Osornio,1
Arne,11
Bradley,4
Bue,1
Eloe,1
Fritjof,1
Hovald,1
Ivar,7
Jonas,3
Lars,2
Niels,1
Ole,3
Sven-Gunnar,1
Thorvald,2
Torsten,5
Veje,1
Waldemar,8
Wolf,1
Espeseth,1
Adylbek,1
Maksudovich,1
Aarno,1
Viljo,1
Erlesovich,1
Franz,5
istein,1
Atangana,1
Aubrey,5
Casimir,2
Clovis,1
Elwood,2
Ion,1
Nason,1
Powell,1
Price,1
Robertovich,2
Maenza,1
Agero,1
Attilio,1
Chaparro,1
Cisneros,1
Federico,2
Grobet,1
Herrero,2
Horacio,5
Lagos,1
Quiroga,1
Rev,1
Rios,1
Sota,1
Varona,1
Adriaan,4
Ascan,1
Axel,9
Friborg,1
Fridolf,2
Gottlieb,2
Gte,3
Helmut,6
Johnny,2
Octavianus,2
Willy,2
Nejat,1
Osbourne,1
Jeremiah,3
Willi,1
Kullervo,5
Fostine,1
Shora,1
Augustinus,3
Aatu,1
Aulis,5
Eero,1
Oiva,2
Tercero,1
Falco,2
Abou,5
Artal,1
Aguilera,1
Azcue,1
Bustos,2
Mullins,1
Vigo,1
Andrea,4
Gimnez,1
Milans,1
Navascus,1
Nze,1
Dolsa,1
Tomas,3
Barrugus,1
Lahoz,1
Wanjiru,2
Puente,1
Masas,1
gnes,1
Calzado,1
Lacerda,1
Nikolaus,1
Boches,1
Judenes,1
Vldez,1
do,2
Zenon,5
Zygmunt,4
Ngache,1
Tin,3
Jepkirui,1
Jepkorir,1
Iris,1
Riquelme,1
Acea,2
Cardoso,2
Cceres,2
Vicente,6
Calvo,2
Cecilia,3
Christin,2
Margareta,7
Mirones,1
Nadia,1
Paniagua,1
Dylan,1
Ashira,1
Carrera,3
Ikelau,1
Johannesen,1
Burnside,1
Coenraad,1
Gotthardt,1
Natanael,2
Valev,1
Yordanov,4
Balev,1
Justyna,1
Larysa,1
Arrais,1
Acevedo,1
Ivn,1
Osvaldo,3
Churchill,2
Ellsworth,1
Tia,1
Ansley,1
Lukas,2
Gisela,1
Kuestner,1
dos,8
Mayumi,1
Francesco,8
Santamaria,1
Zanotti,1
Olezza,1
Showban,1
Sidi,1
Mubarak,6
Matloub,1
Laheeb,1
Masoumi,1
Salih,1
Abdulovych,1
Salman,2
Akhatovich,1
Chanchoun,1
Abukar,2
Kamel,5
Khalifa,4
Nagib,1
Bayat,1
Amiano,1
Aurlio,1
Arce,2
Julin,1
Sabri,3
Serafimovych,1
Liliana,2
Grzegorz,3
Zenovich,1
Crdenas,1
Tapa,1
Vivancos,1
Christiadi,1
Isidoor,1
Kikwai,1
Lutz,1
Roderick,3
Verdejo,1
Karpovich,3
Clement,3
Steinvorth,1
Jzsef,3
Zoltn,2
Cheruiyot,1
Nadira,1
Ms,1
Coffi,1
Julien,6
Neves,3
Trotta,1
Abel,5
Alarza,1
Bolea,1
Carro,1
Ezequiel,1
Gaviria,2
Gmez-Reino,1
Irayzoz,1
Jara,2
Javier,4
Lessa,1
Louro,1
Medrano,2
Morientes,1
Ortuo,1
Richeri,1
Rita,2
Tiscareo,1
Verdasco,1
Dalla,3
Egberty,1
Adylzhanovna,1
Ratna,3
Gernimo,1
Negrete,1
Onye,1
Manzo,2
Palako,1
Cristiano,1
Sani,2
Berg,2
Braden,1
Khrylmand,1
Cynthia,2
Margret,2
Ata,1
D'Croz,1
Malkom,1
Alizadeh,3
Ladefoged,1
Medum,1
Wambo,1
Enrquez,2
Altamirano,1
Erauzquin,1
Malal,1
Sesmaga,1
Cerutti,1
Mandrile,1
Gascn,1
Sorina,1
Alton,5
Caldwell,1
Dwight,6
Piroska,1
Bouya,1
Wilbrod,1
Nayo,1
Moeloa,1
Yee,6
Keat,2
Kok,2
Custer,1
Grady,1
Parker,2
Lassie,1
Caroline,3
Repiso,1
Amber,1
Cristiana,1
Jackson,2
Machedo,1
Zouga,1
Augustin,6
Chepsiror,1
Millward,1
Pierpont,1
Romulus,1
Antequera,1
Arcilla,1
Aritmendi,1
Barba,1
Bojado,1
Bustamente,1
Cabaas,1
Caballer,1
Cabezas,1
Calamita,1
Carmelo,1
Costanzo,1
Cubelos,1
Ducasse,1
Espldora,1
Farias,1
Garrigs,1
Gironella,1
Guzman,1
Hctor,2
Llera,1
Obdulio,1
Oduardo,1
Prat,2
Rotlln,1
Segal,1
Sindreu,1
Sol,2
Tejedor,1
Viacava,1
Dja,1
Steve,3
Bonato,1
Cobas,2
Enzo,1
Aniello,1
Bartholomew,1
Bee,1
Chamizo,1
Dwyer,1
Elliott,2
Ewen,1
Hj,1
Isaac,7
Jacob,16
Juul,4
Marchant,1
Reamer,1
Reilly,2
Ruthers,1
Thayer,2
Tolles,1
Lubbock,1
Auguste,10
Frantz,1
N'Doumb,1
Josphine,1
Madeleine,1
Fjalar,1
Gsta,7
Holger,6
Munch,1
X,9
Xaver,3
Simpson,4
Fokejou,1
Gustave,6
Rufin,1
Einer,1
Seko,1
Terje,1
Yannick,1
Rhinelander,1
Agnew,1
Bertie,1
Childe,1
Harris,7
Overend,1
Rollin,1
Septimus,1
Winslow,3
Guilherme,1
Berggraf,1
Lindbg,1
Rodenberg,1
Torgny,1
Gauti,1
Xavier,5
Sndor,1
Bchen,1
Erich,5
Hartvig,1
Tantalen,1
Madrid,2
Logo,1
Anass,1
Anwar,5
Ula,1
Yaqoub,1
Lizarza,1
Achy,1
Adrin,3
Barbosa,5
Berdugo,1
Cheracov,1
Diego,5
Doru,1
Esparza,2
Felipe,3
Goldschmied,2
Laiseca,1
Soler,2
Sorin,1
Vasconcellos,1
Mantellato,1
Cotta,1
Aboudi,1
bin,3
Deborah,1
Annette,1
Michelle,9
Lesiba,1
Pepov,1
Dondi,1
Stanchev,1
Anatolyevna,21
Nikanorovna,1
Trofimovna,1
Verlaine,1
Fawzi,1
Abba,1
Leaname,1
Irfon,1
Azkue,1
Merrill,3
Barrington,1
Antuanne,1
Gennaro,1
Melvin,2
Seymour,12
Verdon,1
Asfaw,1
Flicien,2
Grard,1
Thodore,1
Kyle,2
Ramon,3
Bluth,1
Gwladys,1
Lzsl,1
Garzn,1
Guardiola,2
Peris,1
Jeanette,1
Rashkov,2
Vivienne,1
Yegorovich,4
Ivan,5
Zhanovich,1
Kipsang,2
Travers,2
Thiffeault,1
Arnfinn,1
Marinus,3
Rochelle,1
Alpin,1
Artin,2
Bissland,1
Brander,1
Brant,1
Burvell,1
Carpenter,1
Derrick,2
Dyer,1
Ffolliott,1
Fort,1
Friar,1
Gilbert,9
Haddow,1
Hardy,1
Haswell,1
Helm,1
Hetzel,1
Hilborn,1
Huston,1
Ian,13
Ingle,1
Leroy,3
Mahony,1
Maina,1
Mieville,1
Newcomen,1
Olwande,1
Prifold,1
Shannon,2
Snow,1
Terence,1
Turner,5
Wilfrid,1
Winthrop,1
Arnould,1
Camille,6
Claude,10
Clestin,1
Clment,2
Constant,1
Florimond,1
Octave,1
Omer,2
Narcisa,1
Krumov,1
Parvanov,1
Petkov,2
Sashkov,2
Spasov,1
Stoykov,1
Yanchev,2
Winsley,1
Pantelis,1
Gavrilovich,1
Hall,3
Lititia,1
Barcia,1
Altuna,1
Castaeda,2
Cavallieri,1
Seeliger,1
Gijsbertus,1
Muller,1
Lszl,1
Sandor,2
Gunther,1
Sigvald,1
Claudio,1
Amelia,3
Daro,1
Schacht,1
Villa,1
Antoon,1
Frederik,10
Wiebe,1
Albino,2
Wigandt,1
Regina,3
Yao,2
Viera,2
Amnaay,1
Gerhard,4
Orabi,1
Ovidiu,2
Hussain,10
Mohiddin,1
Mustafa,5
Gerisha,1
Carlo,5
Marco,2
Matteo,1
Sehrawat,1
Buthana,1
Rodrigues,2
ten,2
Reynolds,3
Jeroen,1
Raoul,1
Umfreville,1
Jesus,2
Willmount,1
Aranda,1
Canham,1
Lyndon,1
Carol,6
Lus,4
Antonello,2
Frinolli,1
Aldo,1
Battista,12
Sergi,1
Simeone,1
Umberto,1
Maru,1
Vaniva,1
Jensby,1
Rambaldi,1
Flint,1
Cesare,2
Ulisse,1
Capogrossi,1
Fermo,1
Letizia,1
Wamuyu,1
Serro,1
Kayalar,1
Jenson,1
Ivor,2
Maynard,3
Amuche,1
Casales,2
Gauchia,1
Gwendolyn,1
Engelhart,1
Egerton,2
Aguiar,1
Alvarado,1
Echenique,2
Sagi-Vela,1
Warner,2
Chand,5
Bennett,3
Bernie,1
Davison,2
Debenham,1
Rahere,1
Teokotai,1
Wilson,7
Rao,1
Lillian,1
Allistair,1
Archibald,2
Lansell,1
Barry,6
Bassett,2
Chudleigh,1
Tyson,1
Zaadi,1
Orial,1
Ags,1
Aldama,2
Benito,2
Blasco,1
Koch,1
Loyal,1
Neil,10
Gotay,1
Quintana,2
Beate,1
Irmovich,1
Mkrtychevich,1
Kvinlog,1
Micha,10
Wicenty,2
Antenor,1
Emanuel,11
Paulus,1
Tsegay,2
Jarl,2
Bettina,1
Antar,1
Catramby,1
Henrique,4
Vieira,1
Ahrens,1
Alsina,1
Baldwin,3
Boyd,4
Cosio,1
Dez-Canedo,1
Grigorio,1
Huet,1
Porteiro,1
Rosal,1
Saavedra,1
Subiabre,1
Tamez,1
Tapia,4
Raifovna,2
Radikovna,1
Kristjn,2
rmann,1
Bentzen,1
Valur,1
Hilding,3
Ibsen,1
Isidor,2
Alfons,2
Walfrid,2
Reinhold,4
Doreste,2
Hernando,1
Olgun,3
Rene,4
Salcedo,2
Warburg,1
Zepeda,1
Gorham,1
Jonathan,3
Marcos,4
Olivier,4
Aung,2
Krdar,2
Ingolf,2
Piro,1
Riofe,1
Moussa,5
Stanislas,3
Sherif,1
Abdul-Amir,1
Abdul-Jabar,1
Abdul-Razzaq,1
Micael,2
Amare,1
Welday,1
El-Husseini,1
brahim,1
Leme,1
Haluk,1
Ramel,1
Sannes,1
Petrivna,6
Yaroslavivna,1
Khaled,3
Djibo,1
Basiony,1
Afagh,1
Habib,2
Hamadan,1
Ait,5
Bahi,1
Khan,2
Dawson,2
Haddaoui,1
Fallitah,1
Hussein,2
Labib,1
Heorhivna,2
Hryhorivna,3
Karolina,1
Linna,3
Marjaana,1
Victoria,2
Viktoria,1
Amuchechi,1
Felicity,1
Gizelle,1
Kaya,1
Erika,1
Mandsfeldt,1
Thaddus,1
Rainer,3
Aurelius,1
Bo,5
Eduard,4
Egill,1
Eiler,1
Engelsen,1
Ewald,2
Heiner,2
Hovgaard,1
Joachim,9
Jrg,2
Laurids,1
Leopold,6
Olav,7
Olle,1
Olov,2
Podlipnik,1
Preben,2
Schumann,1
Sixten,2
Soelberg,1
Trier,1
Vimmo,1
Walther,2
Yngve,6
Ingemann,1
Laderstoff,1
Sigvard,1
Raja,1
Nathalia,1
Madhavrao,1
Ware,1
Adrian,9
Barly,1
Evelyn,6
Jack,3
Mansfield,1
Meredith,1
Painton,1
Payne,1
Powers,2
Suydam,1
Toshiyuki,1
Lauri,2
Preserved,1
Bluett,1
Boye,2
Clifton,1
Dale,7
Eustace,2
Gaylord,1
Havelock,1
Herchel,1
Hudson,1
Hunter,7
Jowett,1
Lorenz,2
Madsen,1
Osmond,1
Webb,5
Wendell,2
Wyndham,1
Jesse,3
Noble,3
Kaan,1
Alaoui,2
Nurul,1
Aliazam,1
Farhan,2
Habibi,1
Nagm,1
Nour-el-Din,1
Greis,1
Kapuralalage,1
Abdur,1
Bint,1
Coloso,1
Vernon,5
Morsy,1
Farouk,2
Emma,3
Alvarez,2
Elizondo,1
Manzanilla,1
Menacho,1
Milberg,1
Monsalve,2
Pedroso,4
Pulido,1
Urrego,1
Loyie,1
Blanche,1
Carlyle,2
Rame,1
Luse,1
Rex,1
zu,1
Eyre,1
Wilhelmine,1
Kristine,2
Elin,1
Kristiina,3
Koerner,1
Arnulf,1
Oviedo,2
Beat,3
Dieter,2
Jacoba,1
Montilla,1
Nessa,1
Nina,1
Miagian,1
Mroczkowska,1
Olsson,1
Teodora,1
Diederichsen,1
Aatos,2
Palacios,3
Houmann,1
Nordfred,1
Nyborg,1
Valio,1
Kurniawan,1
Dorotheus,1
Gerrit,1
Hans,6
Karel,3
Theodora,1
Lynggaard,1
Lise,1
Achille,3
Gaspard,1
Juncher,1
Timo,1
Nadege,1
Calmeyer,1
Iversen,1
Meyer,2
Mllgaard,1
Toft,2
Candido,2
Kranen,1
Selicani,1
Srgio,2
Adetokunboh,1
Bensley,1
Crawford,1
Cresswell,1
Durand,2
Hgfeldt,1
Holdsby,1
Ignatius,2
Lante,1
Lincoln,3
Mahlomola,1
Mills,1
North,2
Odili,1
Okwudili,1
Onyemanze,1
Petersen,1
Raabe,1
Treise,1
Walker,6
Sylwester,3
Szczepan,3
Tymofeiovych,1
Brotherson,1
Carmichael,1
Fritz,5
Hastings,1
Haydon,1
Jans,1
Maurits,4
Reitzel,1
Charlys,1
Juhl,3
Barreto,1
Carel,1
Theobald,1
Mergenthaler,1
Lategan,1
Ruiz,9
Alzamora,1
Andrade,2
Avils,2
Barreneche,1
Gutirrez,8
Janto,1
Junior,1
Roche,1
Sophia,1
Lichtet,1
Thomson,1
Villarreal,1
Jaffer,1
Hemed,1
Hiplito,1
Hurlburt,2
Kiprotich,1
Phm,1
Lipman,1
Al-Sharaf,1
Shaaban,1
Mauritz,2
Steinar,1
Martinus,2
Meinich,1
Roar,5
Hong,8
Chung,4
Henh,1
Lien,1
Thnh,2
Yen,2
Yaya,1
Mazquiarn,1
Laddaga,1
Tesfaye,1
Anh,2
Qu,1
Th,9
Tn,1
Rua,1
Corner,1
Allegue,1
Carabelli,1
Nicusor,1
Tertuliano,1
Djama,1
Fenno,1
Gardsell,1
McNeal,1
Porter,3
Diyanov,1
Hryhorovych,6
San,2
Tinge,1
Kingsley,2
Miller,4
Moffatt,1
Tannahill,1
Banda,1
Higueras,1
Fabrice,2
Rashd,1
Bernasconi,1
Costas,1
Dorrego,1
Colman,1
Nicoret,1
Nima,1
Jamaan,1
Jasim,1
Misfor,1
Nassim,1
Safar,1
Al-Taib,1
Yussuf,2
Kiyeng,1
Lejarreta,1
Blair,1
Home,1
Manley,1
Myron,1
Reay,1
Robinson,2
Warwick,3
Amirovich,2
Idigoras,1
Berkmanovich,1
Camejo,1
Fakhr,1
Javadi,1
Juma,2
Khalef,1
Mehraban,1
Pasha-ogly,1
Umar,2
Kandia,1
Khaliloulah,1
Sory,1
Crombet,1
Valdes,3
Hechavarra,2
Torriente,1
Gwyn,1
Gana,1
Islas,2
Echebarra,1
Wyn,1
Nnenna,1
Alcorta,1
Fragoso,1
Huguet,1
Ordez,1
Romo,2
Sayu,1
Zamudio,1
Arribas,1
Araujo,1
Astarloa,1
Genua,1
Leontyevich,1
Idiakez,1
Petteri,7
Joseba,1
Muniain,1
Ilfatovich,1
Salikhovich,1
Mateev,1
Fedorovych,4
Fifa,1
Martha,4
Zatara,1
Ildarovich,1
Duysenovich,1
Fuad,2
Essa,2
Zandi,1
Erviti,1
Estvez,1
Balzs,1
Ketil,1
Ord,1
Drexel,1
Halvarda,1
Pons,2
Yahoska,1
Andrivna,3
Vicent,1
Nkasiobi,1
Corvea,1
Florin,1
Iulian,1
Raluca,1
Georgios,2
Ioan,4
Ionescu,1
Livia,2
Davydovych,1
Iosypovych,3
Iozhefovych,1
Pui,2
Chedid,1
Kia,1
Sebti,1
Otieno,2
Truitje,1
Tadeusz,6
Kolothum,1
Grandal,1
Grigoryevna,4
Vikentyevna,2
Dimwaogdo,1
Carrie,1
Cyril,2
Ihorivna,4
Liubomyrivna,1
Mykhailivna,3
Olehivna,4
Atish,1
Froimovich,1
Hirsche,1
Irving,2
Phillipjunio,1
Sejama,1
Brand,1
Mozn,1
Lehn,1
Arcila,1
Bosibori,1
Echeverri,1
Sandstedt,1
Turcotte,1
Ko,1
Kagisho,1
Dudu,1
Mosquea,1
Sala,1
Kurbanovich,1
Yakhyayevich,1
Borrero,2
iguez,1
Elm,1
Isamy,1
Jooseppi,1
Rowena,1
Gorguet,1
Quitcn,1
Viloria,1
Monier,2
Isaack,1
Andreevich,4
Andriani,1
Arkhypovych,1
Desmond,5
Elliot,2
Elmore,1
Havrylovych,1
Khristov,6
Kyrylovych,2
Markov,1
Petrov,10
Radnev,1
Stankov,2
Tsvetkov,1
Velkov,1
Vladimirov,2
Yakov,1
Yotov,1
Borisova,1
Angelino,1
Brunkov,1
Hayde,1
Alemany,1
Amaya,1
Gallego,1
Bohumil,1
Machado,2
Ribeiro,2
Serafimov,1
das,1
Witteveen,1
Maizza,1
Shne,1
Artturi,2
Yrj,2
Friso,1
Benedykt,1
Maryse,1
Ciria,1
Sabinal,1
Bennike,1
Finn,1
Gilroy,1
Weyman,1
Williamson,1
Amanda,1
Bolaj,1
Darren,1
Fred,1
Bruun,3
Kipngetcih,1
Kjeldberg,1
Lorentz,2
Sgaard,1
Thaysen,1
Thorbjrn,3
Une,1
Liduina,1
Dewayne,1
Ida,1
Ulysse,1
Ashraf,2
Nat,1
Kangar,1
Tapu,1
Allende,1
Annexy,1
Armengold,1
Camps,3
Escud,1
Loyola,1
Matossian,1
Mela,1
Monjo,2
Monzo,1
Morn,1
Pars,1
Piqueras,1
Piris,1
Velsquez,2
Yzaga,1
Arrieta,1
Cubillos,1
Blbjerg,1
Syed,1
Awil,1
Yaqub,1
Aaron,1
Alani,1
Barrie,2
Brewster,2
Bryden,1
Clark,5
Cornelius,2
Earle,6
Heyes,1
Howden,1
Humbert,1
Hummitzsch,1
Jeffrey,5
Judson,2
Kwalia,1
Langford,2
Macaulay,1
Maher,1
Merriam,1
Mzamo,1
Nyang,1
Royce,2
Sherman,1
Tettey,1
Theophilus,1
Chen,4
Keizia,1
Arend,1
Christoph,6
Dirk,2
Eli,2
Evangelista,1
Jaap,1
Jacek,4
Knobelauch,1
Korver,1
Philipp,2
Reiner,1
Runar,1
Stellan,1
Wiktor,3
Zbigniew,4
Ngotho,1
Wanjiku,2
Daria,1
Okelo,2
Owino,1
Gil,2
Concepcin,1
Lucy,2
Alegria,1
Green,1
du,7
Madum,1
Rajmund,1
Roman,3
Kimutai,2
Mascarenhas,1
Tomazoli,1
Eiseley,1
Kaarlo,1
Pantano,1
Abdullatif,2
Yacoub,1
Lanaran,2
Rasheya,1
Henrietta,1
Gerardo,2
Ron,1
Comas,1
Adelmar,1
Aldanondo,1
Bruses,1
Caceres,1
Carbayeda,1
Ciurriz,1
Condor,1
Corts,2
Dez,1
Eberto,1
Menndez,3
Miralpeix,1
Rosas,1
Verne,1
Wasson,1
Alix,1
Atkinson,1
Coulthard,1
Lon,2
Marguerite,2
Mickal,1
Stphane,1
Sylvain,1
Toffey,1
Narcisse,1
Antoine,3
Aladd,1
Renan,1
Marianne,2
Assani,1
Shawn,1
Kristinn,2
Pieters,1
Jelagat,1
Mai,1
Sylvia,2
Dugwen,1
Evelyne,2
Judith,3
Quirino,2
Yvonne,2
Lyvette,1
Fredrick,1
Gerhardt,1
Hakon,1
Houmller,1
Jensen,2
Peder,3
Petrud,1
Todd,3
Cousins,1
Elwell,1
Wilibald,1
Agergrd,1
Alsing,1
Haandbk,1
Munk,2
Norden,2
Agramonte,1
Font,1
Garrido,3
Gatell,1
Huerta,1
Larraza,1
Montesdeoca,1
Olmos,1
Oyarbide,1
Rico,1
Savigne,1
Tirado,1
Tortosa,1
Turr,1
Banard,1
Eliza,2
Hancco,1
Lorene,1
Sayonara,1
Teixeira,3
Villafane,1
rnbl,1
orsteinn,1
Botero,1
Glenn,5
Caissar,1
Officer,1
Anak,1
Boubou,1
En,1
Takcs,1
Trausti,1
rarinn,1
Sarusi,1
Rietveld,1
Yaw,1
Besoli,1
Caellas,1
Capdevila,2
Herp,1
Jeanetta,1
Losada,1
Sagals,1
Solano,1
Uduak,1
Adalin,1
Aleksandra,1
Dove,1
Henryka,1
Maja,1
Marika,1
Catherine,14
Rachel,10
Orth,1
Cuadrada,1
Enseat,1
Larran,1
Karyn,1
Leanne,3
Israel,1
Japheth,1
Ladd,1
Otim,1
Sturt,1
Charlie,1
Fogh,1
Hendricus,3
Herluf,1
Mohr,2
Tanel,1
Tobias,4
Annikki,1
Blom,1
Harmen,1
Ingvard,1
Larsen,4
Magdalon,1
Petrus,1
Abbott,2
Adamson,1
Alastair,1
Andersen,1
Aymer,1
Ballantyne,1
Barnett,1
Berry,1
Bonthron,1
Boscoe,1
Bray,1
Bryant,1
Burgess,1
Cary,2
Chad,1
Coard,1
Collier,1
Conduit,1
Cox,1
Crocker,1
Crosby,1
D'Eresby,1
Daukom,1
Dick,1
Dickinson,1
Dominic,2
Donelson,1
Drew,2
Eliud,1
Elsden,1
Elson,1
Emory,1
Farrow,1
Filip,4
Fitzgerald,1
Fleming,2
Fletcher,2
Fong,4
Freeman,1
Gamble,1
Gerdell,1
Goldup,1
Hamann,1
Hardress,1
Harrison,3
Hartnett,1
Hoani,1
Hoge,1
Hopkins,1
Houston,1
Hubbard,1
Ingebrigtsen,1
Justin,3
Keiller,2
Kelley,3
Kemboi,2
Kemp,1
Kibet,1
Kirby,1
Knox,1
Kwabena,2
Laurence,1
Laviers,1
Leyshon,1
Linden,1
Lockhart,1
MacDougall,1
Makula,1
Mandus,1
Marriott,1
Mats,3
McKinley,2
Mickael,1
Morris,4
Mwaura,1
Myrth,1
Nada,1
Neville,4
Ngugi,1
Nickerson,1
O'Connell,1
Oladipo,1
Paskin,1
Pierce,2
Pringle,1
Reuben,2
Riegel,1
Riley,1
Rory,2
Ruggles,1
Ruloef,1
Runor,1
Sello,1
Selwin,1
Sheldon,1
Sheridan,1
Southerden,1
Svante,2
Talbott,1
Thoreau,1
Waldrip,1
Walton,3
Wang,2
Webster,2
Yate,1
Youie,1
Young,5
Yuda,1
rsted,2
Knight,1
Tafra,1
Algreen,1
Marion,3
Nolasco,3
Teofil,1
Mjika,1
Basaldua,1
Casamayor,1
MacKenzie,1
Therry,1
Bortey,1
Ergn,1
Reinert,1
Tecedor,1
Elis,2
Engelbrekt,1
Junias,1
Klds,1
Matas,1
Petras,1
Ragnvard,1
Solberg,1
ge,1
Jens-Erik,1
Kpakpo,1
Dniel,1
Valesca,1
Arruela,1
Cludio,2
Druiz,1
Lysandro,1
Paquete,1
Paulo,3
Alba,1
Arrese,1
Carrasco,2
Casas,2
Domingo,3
Ferrn,1
Lardn,1
Quer,1
Sangr,1
Xammar,1
Vallmajo,1
Agostini,1
Aranzamendi,1
Borell,1
Caetano,2
Castelln,2
Danilo,1
Esteban,3
Gamboa,2
Garretn,1
Gomes,3
Grosser,1
Gudio,1
Guilln,1
Head,2
Jottar,1
Lugo,1
Maqueda,1
Marin,2
Maya,4
Morgenstern,1
Osmar,1
Roura,2
Sarria,1
Signes,1
Jonatan,1
Pertti,1
Agut,1
Alczar,1
Alustiza,1
Antnio,4
Arconada,1
Arza,1
Asconeguy,1
Bas,1
Bassidiki,1
Borrell,1
Bustorff,1
Casquilho,1
Cavero,1
Cazorla,1
Clar,1
Clot,1
Cul,1
Cus,1
Eugenio,2
Faras,1
Francesch,1
Frmica-Corsi,1
Guadelupe,1
Ibarburu,2
Joaquim,1
Larduet,1
Legarreta,1
Leiceaga,1
Llanusa,1
Lopes,2
Matos,1
Mba,1
Mercado,1
Moises,1
Molns,1
Montllor,1
Nora,1
Nozari,1
Pamplona,1
Pardas,1
Pastor,1
Pedraza,1
Perramn,1
Perurena,1
Pi,3
Poll,1
Pujol,3
Punzalan,1
Ribas,1
Roa,2
Rochel,1
Santori,1
Saro,1
Tea,1
Triana,1
Turra,1
Uber,1
Victorio,1
Vilanova,1
Chalbaud,1
Lucille,1
Velzquez,2
Balsells,1
Bazn,1
Pic,1
Romeu,2
Albertus,1
Alston,1
Andy,1
Armand,1
Ashur,1
Cyrille,1
Edwardus,1
Gikonyo,1
Hilongwa,1
Jefferson,1
Jules,2
Kaddu,1
LeRoy,1
Malek,1
Marc,4
Neild,1
Oboh,1
Rego,1
Stanislaus,1
Willets,1
lie,1
Nnkiruka,1
Tibatemwa,1
Ribalta,1
Brachi,1
Tuisova,1
Ernestine,1
Nakhumicha,1
Pamela,2
Breiholt,1
Fryd,1
Ib,1
Martinius,1
Mogens,1
Nagel,1
Thord,1
Vandborg,1
Wagner,1
Dogo,1
Espolin,1
Stian,1
Bruin,1
Acosta,2
Adolfo,4
Becerril,2
Benavides,1
Carmona,4
Carreo,1
Casamajo,1
Colomer,1
Curet,1
Etienne,2
Fabila,1
Feld,1
Fus,1
Gazs,1
Gualberto,1
Huertas,2
Ibacache,1
Lanz,1
Lebron,1
Llanes,1
Llort,1
Lloveras,1
Marecos,1
Martos,2
Mirangels,1
Monjardn,1
Morera,1
Nazareno,1
Nez,4
Paredes,2
Paz,3
Riba,1
Sans,1
Serra,1
Vizcarra,1
Yaez,2
Savinon,1
Forca,1
Soul,1
Joukamo,1
Matti,4
Pekka,3
Laurinpoika,1
Veikko,8
Aguinagalde,1
Guillaume,1
Rodolphe,1
Gray,2
Vaquero,1
Malviya,1
Bndicte,1
Brendengen,1
Kepp,1
Lisa,2
Wendel,1
Itoya,1
Sotelo,1
Antolin,1
Cepero,1
Loscos,1
Nilo,1
Osorio,1
Peredejordi,1
Sez,2
Vial,1
Beresford,1
Munyelele,1
Obiefuma,1
Shareef,1
Thiengen,1
Dashaun,1
Gail,2
Kavulanya,1
Ketchum,1
Moak,1
Alojzy,1
Aleksi,2
Riad,3
Heikki,2
Paavali,1
Mutashar,1
Petri,1
Darina,1
Brooke,1
Jgergaard,1
Svane,1
Mathews,1
Asser,2
Keevan,1
Coulibaly,1
Aukusti,4
Janos,1
Aldin,1
Latoya,1
Lozanov,2
Ja'fari,1
Salukombo,1
Sathia,1
Rasul,1
Samedul,1
Monjardim,1
Zdenk,1
Matamoros,1
Theresa,3
Tracey,2
Emad,1
Saddam,1
Agneta,1
Doris,1
Josefin,1
Nathalie,2
Sigrid,1
Khavazhevna,1
Bengt,4
DeWitt,1
Elof,2
Frithjof,1
Osvald,2
Ronnie,1
Ruben,1
Sanfrid,1
Severt,1
sten,3
Vedeler,1
Moreno,8
Francesca,1
Piper,1
Makazaga,1
Lusitania,1
Kashri,1
Garret,1
Napa,1
Jon-Marie,1
Vidiaux,1
Vasylivna,8
Rae,2
Brix,1
Maarit,2
Inger,1
Chenoa,1
Kalle,2
Vilho,2
Adwoa,1
Saigon,1
Wodzimierz,1
adysaw,1
Larenzo,1
Kaia,1
Chapman,1
Ireland,2
Littlewood,1
O'Brian,1
Roper,1
Mayerlin,1
Herron,1
Egon,2
Klein,2
Jeromy,1
Subbanand,1
Melanie,1
Kolasco,1
Arda,1
Carcaces,1
Uematsu,1
DuBois,1
Dunstan,1
Glen,2
Hayes,2
Idon,1
Leon,6
Monroe,1
Enar,2
Tifahi,1
Ayling,1
Pauline,1
Pravad,1
Are,1
Curtis,2
Kahn,1
Yoshimi,1
vila,1
Parke,1
Raffique,1
Ghetrich,1
Yacine,1
Soltanovich,1
El-Ali,1
Fahd,1
Salmaan,1
Amira,1
Al-Owairan,1
Kharisovich,1
Magometovich,2
Murselov,1
Urusbiyevich,1
Maung,3
Moe,1
Dimov,1
Lazarov,2
Lyubenov,1
Vichev,1
Panagiotis,1
Tombi,1
Linda,3
Alison,2
Jacqueline,1
Nyholm,1
Shihara,1
Taneli,2
Beneva,1
Valchev,1
Akopovich,1
Cyron,1
Renaud,1
Rient,1
Pauliina,1
Bodil,1
Sheree,1
Rahtna,1
Espen,1
Jonsen,1
Theodoor,1
Lovisa,2
Baard,1
Fge,1
Kynde,1
Lange,3
Sletting,1
Enemark,1
Thormod,1
Astrup,1
Ernfrid,2
Hkon,2
Kioshin,1
Torbjrn,4
Amoah,1
Valeriyevich,1
Apostolos,1
Klaudiusz,1
Premaraja,1
Emerick,1
Calixte,1
Asenova,1
Eko,1
Steinn,1
Fiona,1
Nygaard,1
Bertel,2
Skjdt,1
Magdalen,1
Tsse,1
Valterovna,2
Vattnes,1
Zakarias,1
Hiria,1
Pter,1
Rbert,1
Maciej,3
Yevhenivna,4
Wai,8
Venkov,2
Weronika,1
Muhammed,1
Sharipovich,1
Matagisila,1
Enoch,1
Arachigue,1
Ola,1
Honk,1
Kit,3
Ishmael,1
Kiat,2
Pam,1
Gie,1
Darius,1
Celeste,2
Adalbert,1
Forcadell,1
Maritta,1
Kant,1
Shivaji,1
Lap,2
Mun,2
Aguta,1
Stevens,1
Newman,1
Javaise,1
Shiree,1
Burbunyevna,1
Maia,2
Espinosa,4
Antion,1
Delray,1
Jamill,1
Gandrup,1
Hjer,1
Kindt,1
Niklas,1
Ploug,1
Riddermand,1
Roslyng,1
Schage,1
Thomaz,1
Troels,1
Leonidivna,3
Vitalivna,3
Lelisse,1
Levente,1
Guillermo,4
Irne,1
Anneli,3
Estela,1
Flaque,1
Lynne,3
Michele,2
Quevedo,1
Salls,1
Yihan,1
Pascale,2
Atanes,1
Richael,1
Temple,2
Segundo,2
Aim,1
Farci,1
Jouni,1
Raimo,1
Germn,2
Lai,2
Kolobe,1
Langowski,1
Roux,1
Waynesley,1
Perry,3
Melissa,2
Zahoui,1
Wiloma,1
Ribera,3
Sebastin,1
Vissotto,1
Yamil,1
Ester,1
Felicjan,1
Darrell,2
Ethel,4
Wan,3
Yuen,2
Kyllikki,1
Gerhardus,2
Huang,1
Lei,2
Arve,1
Reijo,1
Sundt,1
Trygve,1
Seamah,1
Iglesias,4
Ilja,1
Berhanu,2
Genuth,1
Bendicte,1
Elisabet,1
Frier,1
Bjerning,1
Fleng,1
Glesen,1
Skov,1
Peluso,1
Preciado,1
Bendix,1
Mascoll,1
Garth,1
Serverovych,1
Adolphus,2
Harras,1
Ilmo,1
Pellervo,3
Rosschou,1
Essau,1
Griswold,1
Rudolphe,1
Basurto,1
Carcamo,1
Cullar,1
Fabio,1
Nelson,9
Dorothy,1
Ditutala,1
Anatolievich,1
Rebekka,1
Lacy,2
Ngoroboto,1
Rods,1
Osborne,1
Woods,1
Barber,1
Mayor,1
Chii,1
Chun,4
Ka,3
Mironovich,1
Asher,1
Yih,1
Robbins,2
Alev,1
Begnyazovna,1
Felicita,1
Eizaguirre,1
Hao,1
Povea,1
Soon,2
Hani,1
Nio,1
Turiddu,1
Corney,1
Arsentyevna,1
Timofeyevna,2
Monique,1
Foh,1
Mari,3
Alinah,1
Prez-Rul,1
Anna-Maria,1
Estefania,1
Teresa,6
Semenivna,1
Margaretha,3
Mund,1
Heng,1
Hiang,1
Teck,1
Teresia,1
Flan,1
Maserame,1
Cyprian,1
Lauren,4
Marcie,1
Arasa,1
Chepkwemoi,1
Jrum,1
Markley,1
Aquea,1
Adolphe,3
Siang,1
Jaarli,1
Boscarino,1
Edwina,1
Mize,1
Bagge,1
Falch,2
Boline,1
Dula,1
Cols,1
Arturovych,1
Ivanivna,8
Dmytrivna,5
Finohenivna,1
Domien,1
Osoria,1
Asylbekovna,1
Rueda,1
Blackwell,1
Bowen,1
Hywel,1
LeMarr,1
Peniston,1
Hi,2
Tch,1
Man,13
Moon,2
Sing,2
Ting,3
Eldon,1
Jes,1
Ah,1
Mae,3
Riera,1
Lava,1
Korlima,1
Kum,1
Loon,1
Whey,1
Doloris,1
Betina,1
Fontes,1
Alocn,1
Carri,1
Giacomo,4
Sotomayor,2
Vitria,1
Achaerandio,1
Howland,1
Efe,1
Daulako,1
Domenico,3
Dsir,1
Florian,1
Joanns,1
Gourriel,1
Mendiola,1
Brojeshori,1
Szab,1
Pradiyat,1
Mbassi,1
Antonino,1
Pellegrini,1
Riccardo,1
Benedito,2
Pezzini,1
Rodriques,2
Castanyeda,1
Yael,1
Barroncas,1
Juliette,1
Willie,1
Byrd,1
Mauritia,1
Llanos,1
Carmine,1
Aguirrebea,1
Albornoz,1
Arredondo,3
Borroto,1
Brignoni,1
Bru,1
Casllas,1
Coronado,1
Deines,1
Diguez,1
Dreke,1
Horna,1
Humberto,2
Isamat,1
Melndez,2
Meya,1
Ocaa,1
Otero,1
Pecchenino,1
Pratsmas,1
Regueiro,2
Rierola,1
Salvadores,2
Sarmiento,1
Sequera,1
Ygnacio,1
Zubero,1
Lenidas,1
Pinheiro,1
Arron,1
Ajou,1
Bob,17
Baylon,1
Gregorio,1
Vieria,1
Macuto,1
Kendrick,1
Northrop,1
Windy,1
Joyce,1
Levison,1
Bonev,1
Ilkov,1
Ilyinichna,4
Marsovna,1
Rasakovich,1
Reinoso,1
Sunday,1
Kyin,1
Katariina,1
Diederik,1
Trijntje,1
Mosquera,1
Yolande,1
Alexanderson,1
Benvenuto,1
Sawomir,1
Kanstrup,1
Yamechi,1
Aflaki,1
Ivanova,3
Bonilla,1
Ansue,1
Stoyanova,1
Nikolai,2
Aron,1
Bergmann,1
Teodord,1
Idrisovich,1
Radzhabovich,1
Daitbekovich,1
Abdalsalam,1
Shamil,1
Abdoufatah,1
Krishon,1
Abu,3
Abd,2
Amr,1
Mollaghasemi,1
Shakoor,1
Yassen,1
Harumi,2
Kristiane,1
Luengo,1
Salakharovna,2
Corina,1
lgaard,2
Dalgatovich,1
Eduardovych,2
MacLeod,1
Perkins,1
Chrif,1
Diaw,1
Mustapha,3
Diodio,1
Maty,1
Pashayevich,1
Ramantsoa,1
Afraid,1
Hamd,1
Malla,1
Segarra,1
Valdus,1
Dattatray,1
Cinco,1
Khoddam,1
Soud,1
ul-Haq,1
Agustn,1
Armanqu,1
Bast,1
Bernabeu,1
Carballo,1
Ledesma,1
Lobo,1
Majo,1
Mantilla,1
Noriega,1
Pradillo,1
Rondo,1
Royes,1
Senz,1
Soriano,1
Toledo,2
Verde,1
Vidella,1
Vidrio,1
Vilchez,1
Villareal,1
Manna,1
Moin,1
Mar,1
Alejandra,2
Ballest,1
Beln,2
Bernabu,1
Carmen,1
Clara,2
Emilia,1
Fernanda,3
Florencia,1
Gimena,1
Ibaez,1
Joo,2
Laura,4
Moret,1
Pilar,1
Romagosa,1
Shaw,2
Silvina,1
Tejerina,1
Vernica,1
Virginia,2
Saidovich,1
Courtney,3
Rhys,2
Roca,2
Snowell,1
Granollers,1
Wenceslau,2
Chibs,1
Fabiana,2
Ins,1
Valeria,1
Dek,1
Dilglay,1
Magalhes,2
Quiones,1
Viana,1
Yarad,1
Soares,3
Enrico,2
Matellini,1
Soffiatti,2
Tlio,1
Chinea,1
Diniz,1
China,1
Cooper,2
Ricard,1
Vincius,1
Walthall,1
Beverley,1
Olstad,1
Cresp,1
Adetutu,1
Esi,1
Fitzhugh,1
Nyairera,1
Abdullayevna,1
Armengol,1
Gagamovna,1
Georgieva,2
Mayeta,1
Pasos,1
Pomposo,1
Emmanuelle,1
Gudrun,2
Goua,1
Abinet,1
Annikka,1
Kylliki,1
Aadland,1
Cristina,9
Elisabete,1
Epiph,1
Isabel,5
Kusters-ten,1
Lenua,1
Louiza,1
Natalia,2
Paola,1
Patrizia,1
Pernilla,1
Rachele,1
Vittorina,1
Dalanda,1
Djould,1
Mamoudou,1
Sonah,1
Souley,1
Nedkov,1
Rosemarie,1
Dinkova,1
Rog,1
Zapryanova,1
Castellanos,3
Florman,1
Andres,2
Arrate,1
Bordas,1
Lukov,1
Natalio,1
Trigo,1
Yerxa,1
Birch,2
Gnelebe,1
Jesika,1
Yolene,1
Toinette,1
Beatrice,1
Berger,1
Avtandilovna,1
Fay,2
Aranha,1
Bravo,4
Damlaimcourt,1
Dazmirovna,1
Frantsevna,1
Germanovna,2
Draghetti,1
Arranz,2
Carulla,1
Casass,1
Eustaquio,1
Lloret,1
Lodovico,2
Alette,1
Skelton,1
Bretn,1
Maurin,1
Skammelsrud,1
Salas,4
Cta,1
Halvor,1
ukasz,2
Asanovna,1
Lvovna,2
Ruslanovna,1
Svetovna,1
Mariana,1
Elina,1
Acker,1
Alyn,4
Bodley,1
Damien,1
Elston,1
Lyle,1
Mallen,1
Alberdi,1
Pauli,1
Yannik,1
Jaakko,4
Sabine,1
Hilari,1
Almiro,1
Supriano,1
Derell,1
Nnana,1
Baenza,1
Bald,1
Bobo,1
Calamonte,1
Cantn,1
Ejarque,1
Gens,1
Linares,1
Mguez,1
Xargay,1
Bayona,1
Clare,7
Manzano,1
Enger,1
Ansa,1
Bjrneson,1
Broomall,1
Cooke,1
DeWayne,1
Emmett,2
Irungu,1
Kiptolo,1
Kirketerp,1
Laumann,1
Natchaba,1
Wiendect,1
Aleman,1
Marculeta,1
Perarnau,1
Alvari,1
Henrikki,2
Federick,1
Suhail,1
Chiafredo,1
Ada,1
Coulter,1
Dalva,1
Fraser,2
Jepkosgei,1
Kathelene,1
Leela,3
Sloan,1
Nuh,1
Hamzah,1
Singer,1
Mirza,2
Esmaeilpour,1
Mobaraki,1
Mostafa,3
Aguirregaray,1
Jess,2
Tudela,1
Ilianov,1
Borges,3
Hebo,1
Gilles,1
Amivi,1
Charro,1
Rosseli,1
Erick,5
Ethan,2
Farhang,1
Jacobus,3
Lidaywa,1
Reima,1
Viljami,1
Myo,1
Win,2
Asarias,1
Faye,1
Bigelow,2
Elvin,1
Fernand,4
Hinton,1
Fiol,1
Montesern,1
Damin,3
Geraldo,2
Lucio,1
Charn,1
Berendson,1
Kiel,1
Narvez,1
Garafulic,1
Wafic,1
Sarduy,1
Ul-Haq,1
Mbwana,1
Pender,1
Chanai,1
Aileen,3
Attar,1
Hajizadeh,1
Jamel,1
Lari,1
Tolouti,1
Blent,1
Nadir,1
Reat,1
Serhat,1
Abolfazl,1
Tartabull,1
Asensio,1
Mauri,1
Quiason,1
Panteleakis,1
Alson,1
Bahta,1
Cagigas,1
Coghen,1
Noem,2
Apondi,1
Cherono,1
Bright,1
Lorraine,1
Else,1
Rahr,1
Salou,1
Tuulikki,1
Travis,1
Rajamakki,1
Rowland,2
Condra,1
Melkamu,1
Tufa,1
Tibonisele,1
Sendo,1
Al-Noor,1
Belle,1
Faruq,1
Nathan,2
Anthonie,2
Beaver,1
Brent,4
Damgaard,1
Darcy,1
Dax,1
Dion,1
Ebo,1
Estavo,1
Finlay,1
Frk,1
Garwood,1
Joeseph,1
Jrn,1
Kosgei,1
Orozco,1
Posner,1
Rupert,2
Sheehan,1
Thorpe,1
Umaa,1
Eryk,1
Johann,2
Laurent,1
Mehech,1
Caballo,1
Gino,1
Banga,1
Graldine,1
Lananh,1
Pearl,1
Smilja,1
Hazelle,1
Mercy,1
Angelova,1
Dussu,1
Amarista,1
Araico,1
Chaves,1
Chillida,1
Espins,1
Galvn,1
Izquierdo,1
Lang-Lenton,1
Llaneras,1
Martorell,1
Mir,2
Mojica,1
Montalvo,1
Murillo,2
Palau,1
Rivero,2
Rovira,1
Stella,1
Ani,1
Ciobanu,1
Iuliu,1
Lucian,1
Joslin,1
Wedston,1
Geraziyevich,1
Mikhaylovoch,1
Desler,1
Nestori,1
Vihtori,1
Beigi,1
Ebadipour,1
Vaziri,1
Jessenica,1
Chemos,1
Goranov,1
Stilyanov,1
Crestina,1
Mikova,1
Yasemin,1
Bororo,1
Eliisa,1
Zinyatovich,1
Khafizovich,1
Saeid,1
Krasimirova,1
Gomaa,1
Casillas,1
Fatime,1
Suely,1
Francia,1
Bedich,1
Botev,1
Danzanovna,1
Najib,1
Nasir-ud-Din,1
Beybutovich,1
Tszyunovich,1
Lazo,1
Paige,3
Akira,1
Kishorbhai,1
Raykov,1
Venelinov,1
Equihua,1
Fechino,1
Hickmann,1
Messa,1
Pont,1
Pulgar,1
Vergara,2
Abimbola,1
Iyabode,1
Mederos,1
Sady,1
Fu,1
Thu,1
Mutumbo,1
Benny,2
Eskild,1
Rasmus,1
Siraj,1
Ajfan,1
Al,2
Al-Makdouf,1
Al-Naceur,2
Alaa,1
Alhousseini,1
Aly,1
Ayed,2
Ayoub,2
Azar,1
Azreen,1
Bayati,1
Bisiriyu,1
Bu,1
Daud,1
Deham,1
Dramani,1
El-Gohary,1
El-Malky,1
El-Sir,1
El-Zanaty,1
Ezz-el-Din,1
Faizal,1
Fakhri,1
Faouzi,1
Gamil,1
Hafez,1
Hamdi,1
Helal,1
Hossein,2
Jamshid,1
Jilani,1
Khaldoun,1
Khamis,2
Lamine,2
Madzli,1
Mahbub,1
Mahfood,1
Mansour,1
Medhat,2
Miskin,1
Mukhesur,1
Othman,2
Ouamar,1
Ould,2
Rachid,1
Ragab,1
Riadh,1
Ridjali,1
Roslin,1
Ryad,1
Saad,1
Sad,1
Sameh,1
Samir,2
Samy,1
Seddik,1
Seif,1
Abdus,1
Anis,2
Asif,3
Bagheri,1
Ja'far,1
Jaafar,2
Kadir,1
Sarwar,1
Siddikur,1
Tawfiq,1
Abdou,1
Abduh,1
Adel,1
Amine,3
El-Amine,1
Fadel,1
Hameed,1
Marwan,1
Qassim,1
Riyadh,1
Rubel,1
Taher,1
Magan,1
Liyanage,1
Abdul-Raheem,1
Rizal,1
Beni,1
Pal,2
Nazar,1
Adl,1
Ramada,1
Anita,1
Abramovych,1
Aldape,1
Fajardo,1
Mirzajanpour,1
Lamin,1
Soussi,1
Izabela,1
Ludmila,1
Esquerdo,1
Dustin,1
Whitney,1
Seun,1
Jeremia,1
Gjerdrum,1
Gundro,1
Nordeide,1
Sigval,1
Kipkore,1
Moeketsi,1
Opute,1
Oyiki,1
Zarak,1
Dayan,1
Yehuda,2
Fahid,1
Sedegh,1
Awaleh,1
Narou,1
Sagna,1
Abdoulaye,2
Anauel,1
Aparecido,1
Stiebler,1
Gyrgy,1
Fadl,1
Mamissa,1
Mircea,1
Afzal,1
Akbar,1
Akhlaq,1
Ashfaq,1
Danish,1
Naqi,1
Osman,1
Sajid,1
Zahid,1
Sadyik,1
Nurbiyevich,1
Edris,1
Hari,1
Dinda,1
Girma,1
Kalameya,1
Nausbiyevich,1
Coneo,1
Noah,1
Kakharovich,1
Clarke,3
Bute,1
Swe,2
Lvovych,2
Mbeumuna,1
Corinne,1
Binta,1
Saed,1
Sem,1
Boutros,1
Sufyan,1
Rashad,1
Ghasre,1
Bernadette,2
Marejke,1
Belo,1
Ghazi,2
Egozkue,1
Narimanovich,1
Abdulrazak,1
Vela,3
Kunjarani,1
Atiez,1
Damian,1
Gutierrez,1
Hitchcock,1
Jewitt,1
Lusanji,1
McLen,1
Koerstz,1
tefan,1
Bisth,1
Pancham,1
Nilsen,1
Sakar,1
Ariza,1
Azevedo,1
Cabrerizo,1
Lvivna,1
Valentinovna,6
Sara,1
Arkhipovna,1
Harford,1
Scherer,1
Khizar,1
Yunuzovich,1
Effiong,1
LaMoy,1
Alvin,3
Justeen,1
Gerginov,1
Milward,1
Amoiakovych,1
Beasley,1
Dieppa,1
Hayford,1
Kipkosgei,1
Nieves,2
Oate,1
Saenz,1
Riqualme,1
Jie,2
Pena,1
Minchez,1
Demir,1
Almanza,2
Landag,1
Mineva,1
Siemers,1
Nikolaeva,1
Chiu,2
Hu,3
Dingko,1
Mehtabs,1
Minh,1
Ngc,2
Quc,2
Trung,1
ng,1
nh,2
Bi,1
Sifaatihii,1
Jacobs,1
Schwab,1
Nishal,1
Anette,2
Delli,1
Vivien,2
Virgil,1
Vivas,1
Broch,1
Elise,4
Isau,1
Regnier,1
Schnyder,1
Wendy,1
Jeannine,1
Reyero,1
Eliz,1
Muz,1
Hausgaard,2
Laulund,1
Poul,1
Svend,1
Mailund,1
Heiltje,1
Rufus,1
Seton,1
Jekyll,1
Aryee,1
Odartey,1
Katriina,1
Hillarie,1
Akimovich,1
Denisovich,2
Pogosovich,1
Sivert,1
Urban,2
Miroti,1
Mitov,1
Sladunov,1
Zhelyazkov,1
Blagoev,1
Denev,1
Nikolaev,2
Tenev,1
Yakimov,1
Zharkov,1
Alangia,1
Jagnandan,1
Kyaw,1
Santini,1
Anselmo,1
Dzib,1
Carlsson,1
Gottfrid,1
Ivarsson,1
Johansson,1
Knudsen,1
Simeon,1
Kathy,1
Lamsam,1
Rui,1
Daniele,2
Ultimo,1
Krishinda,1
Dei,2
Kiplimo,1
Ajara,1
Lucky,1
Abdalaziz,1
Luaces,1
Balvin,1
Rhodes,1
Oncina,1
Mankatu,1
Feliz,1
Libert,1
Rhiannydd,1
Brice,3
Amer,1
Azlan,1
Mohd,1
Theo,1
Bernrdez,1
Murara,1
Eriksen,1
Blay,1
Latamblet,1
Velarde,1
Cardoze,1
Curris,1
Delva,1
Ezra,1
Lang,1
Merrington,1
Stevenson,1
Vakil,1
Aka,1
Elhouda,1
Aman,1
Oliv,1
Kapriel,1
Cabanillas,1
Montan,1
Velasco,3
Sebey,1
Mariauchenna,1
Nil,1
Limonta,2
rnulf,2
Wenner,1
Palma,1
Sols,1
Folasade,1
Hok,2
Velikov,1
Chwee,1
Kaleva,1
Godson,1
Tun,1
Karstein,1
Ottesen,1
Wildeboer,1
Augunson,1
Paavo,2
Gutormsen,1
Hyldgaard,1
Imerslun,1
Nrskov,1
Scavenius,1
Romanovich,2
Yevgenevich,1
Ihorovych,2
Stepanovych,2
Yevhenovych,1
Algertovna,1
Asato,1
Belmar,1
Bohdanivna,1
Iosypivna,1
Valentynivna,3
Yevstafivna,1
Aya,1
Kosta,1
Valmari,1
Ayomide,1
Kachung,1
Mea,1
Obando,1
Sabry,1
Segura,1
Simmonds,1
Tayara,1
Meseguer,1
Oabona,1
Rufino,1
Hock,4
Tolly,1
Albin,1
Cavit,1
Paule,1
Tze,1
Anne-Laure,1
Mishach,1
Egidio,1
Eliahu,1
Jordn,1
Amaral,2
Buttery,1
Etcheverre,1
Lanza,1
Madrigal,2
Paladino,1
Santamara,1
Sena,1
Edegardo,1
Familiar,1
Ouma,1
Ral,1
Saiz,1
Wilde,1
Pellicier,1
Juantorena,1
Ingvald,1
Cochrane,1
Igncio,1
Mairena,1
Omarovich,1
Carolus,2
Lorne,1
Mikoaj,1
Olavus,1
D'vila,1
Behi,1
Kalsoum,1
Khairy,1
Bak,1
Kjell,1
Krogh,1
Tiberiu,1
Tudor,1
Guinn,1
Lance,3
Leopoldo,1
Eerikki,1
Henno,1
Iisakki,1
Alicea,1
Arrarte,1
Defazio,1
Feijoo,1
Ferrero,1
Jnior,2
McCandless,1
Olmedo,1
Sittler,1
Squella,1
Torrijos,1
Zierold,1
Takaunove,1
Chardene,1
Imbico,1
Tajonar,1
Oula,1
Daniela,2
Ogechi,1
Ibrahima,1
Malick,1
Ndiaye,1
Jasmat,1
Irani,1
Gregor,1
Jean-Jacques,1
Jari,1
Martti,1
Kwok,2
Halsey,1
Okon,2
Traor,1
Akosua,1
Josephine,2
Noriko,1
Portillo,1
Arabolaza,1
Garino,1
Casanova,1
Motte,1
Mutuku,1
Renato,1
Ssali,1
Suffo,1
Tambw,1
Monika,1
Radosaw,1
Womersley,1
Azuka,1
Bamela,1
Benedict,2
Boulet,1
Cheema,1
Ebiye,1
Edingue,1
Elimar,1
Eloi,1
Francois,3
Gane,1
Irvin,1
Kendall,1
Kipkemboi,2
Kipngetich,1
Kipsiele,1
Kipsilgich,1
Kuniaki,1
Lyon,2
Mbaiadoum,1
Nikola,1
Sewe,1
Wisner,1
Barila,1
Carballido,1
Claudia,2
Klamburg,1
Leitn,1
Lynette,1
Medn,1
Yamila,1
Valerie,1
Alvaro,1
Amotun,1
Bernardo,1
Braune,1
Raulino,1
Pandari,1
Natangwe,1
Chihun,1
Georgievich,4
Pavlov,1
Pimienta,1
Velichkov,1
Heorgiyovych,1
Lindsey,2
Dorf,1
Rudolph,2
Apellniz,1
Basiano,1
Camus,1
Farreras,1
Frias,1
Gasset,1
Gianella,1
Jufresa,1
Massana,1
Mura,1
Pieda,1
Rivas,2
Roig,1
Sergio,1
Towers,1
Villuela,1
Yoma,1
Esteve,1
Kean,1
Arusei,1
Lou,3
Aarne,1
Arvi,1
Esaijas,1
Veijo,1
Andris,1
Egil,4
Eivind,1
Krsgaard,1
Sandahl,1
Stle,1
Ziegler,1
Kinnear,1
Erskine,2
Montague,1
Bobadilla,1
Svarre,1
Anok,1
Augustus,1
Chenning,1
Crichton,1
Downton,1
Gus,1
Hanbury,1
Krefting,1
Laszlo,1
Maitland,1
Markham,1
Meinert,1
Mungai,1
Mwita,1
Nectario,1
Northcote,1
Opiyo,1
Ranken,1
Riis,1
Sofus,1
Sweetser,1
Tendai,1
Tersgov,1
Villemoes,1
Danielle,1
Jerona,1
Kindratovych,1
Mrland,1
Huy,1
Poh,1
Bryn,1
Clay,1
Humphreys,1
Selvaraj,1
Tingley,1
Whalley,1
Yousef,1
Revatha,1
Nkosinathi,1
Lamu,1
Hilkka,1
Lucia,3
Mariane,1
Giorgio,3
Amont,1
Celestin,1
Claver,1
Ego,1
Emile,1
Nlend,1
Emiliano,3
Hein,1
Sand,1
Ubaldo,1
Hidalgo,1
Tosat,1
Juergen,2
Sadiyarovich,1
Nikolas,1
Dimchev,1
Anslme,1
Seng,2
Moya,2
Mbomio,1
Puigdevall,1
Sodiq,1
Remigio,1
Reynoso,1
Byrge,1
Ebbesen,1
Eyvind,1
Jhrens,1
Kappel,1
Srensen,1
Gulabrao,1
MacPherson,1
Morrand,1
Amoako,1
Octopus,1
Jdrzej,1
Marcin,1
Tibor,1
Pardo,1
Dad,1
Massarrat,1
Munir,2
Yassine,1
Guero,1
Alexis,3
Mbogo,1
Aba,1
Emily,1
Megan,1
Seini,1
Alviro,1
Yordanova,1
Valentinov,1
Kasimiras,1
Azpeitia,1
Blanquer,1
Camia,1
Carpio,1
Cmara,1
Egusquiza,1
Estevo,1
Freire,1
Garralda,1
Jofresa,2
Rulln,1
Tadeo,2
Toribio,1
Zuiga,1
Mercedes,1
Ravilyevich,1
Makhmudovna,1
Ossian,2
Sven,1
ren,1
Aud,1
Engelhardt,1
Fseha,1
Rasheed,1
Bibiani,1
Nonato,1
Sousa,1
in,1
Tauno,1
Feudjio,1
Goulo,1
Joshi,1
Kumari,2
Faradj,1
Walaan,1
Bala,1
Absolem,1
Ruslanovich,1
Alanis,1
Arellano,1
Cascaret,1
Chapado,1
Cicero,1
Dubois,1
Jimeno,1
Marrero,1
Papaleo,1
Tamudo,1
Trapero,1
Bearce,1
English,1
Gorman,1
Goveia,1
Waldo,2
Antonina,1
Balaram,1
Kamilyevich,1
Vifara,1
Alfonseda,1
Artigas,1
Balcells,1
Duvaln,1
Eguiazbal,1
Gato,1
Pileta,1
Silfa,1
Magarios,1
Abdelhadi,1
Vakhayevich,1
Shor,1
Criner,1
Kumara,1
Edmundus,1
Vizcano,1
Olawale,1
Mian,1
Shami,1
Sharifi,1
Odun,1
Lauge,1
Tevita,1
Perreira,1
Iskhakovich,1
Nezamovich,1
Zin,1
Stitchev,1
Bess,1
Arsne,1
Broadley,1
Cabal,1
Fahmy,2
Rmy,1
Nduku,1
Habibulla,1
Maricha,1
Ndolo,1
Sonia,1
Edite,1
Felicitas,1
Uchoa,1
Jahangir,1
Hayston,1
Durie,1
Lasse,1
Pivi,1
Untamo,1
Berto,1
Kutscher,1
Proenza,1
Valiente,1
Arjan,1
Bertus,1
Cartaya,1
Oskari,3
Urmas,1
Bonora,1
Marcellin,1
Muiz,1
Bardini,1
Brito,1
Vafich,1
Malikovich,1
Fabiola,1
Tastardi,1
Kimberly,1
Terciuos,1
Recaldo,1
Seroney,1
Ellingwood,1
Bullard,1
Bronwyn,1
Shepherd,1
Riskalla,1
Cadena,1
Capanema,1
Chapa,1
Margarit,1
Montemayor,1
Pueyo,1
Sampaio,2
Sanabria,1
Vantes,1
Vaz,1
Marlow,1
Arland,1
Felici,1
Fulton,1
Grahame,1
Hilary,1
Hoshing,1
Kipkemei,2
Kiyoshi,1
Laimbeer,1
Nesmith,1
Oakes,1
Pearson,1
Redwine,1
Rennie,1
Setsuji,1
Whieldon,1
Wilbur,2
Lamont,1
Couper,1
Rimatovich,1
Hrlykke,1
O'Lynn,1
Zankov,1
Eastman,1
Taha,1
Rimzovich,1
Santeri,1
Sulo,1
Ferro,1
Judit,1
Kuti,1
Bouzas,1
Masivesi,1
Kiros,1
Bagley,1
Bain,1
Colville,1
Croft,2
Day,2
Ingersoll,1
Joicey,1
Leland,1
Levine,1
Merrell,1
Morford,1
Napunyi,1
Neal,2
Ranke,1
Roach,2
Schofield,1
Terrance,1
Villaseor,1
Balado,1
Buitrago,1
Cabrejas,1
Camposeco,1
Casey,1
Casuso,1
Huber,1
Lauderdale,1
Naveira,1
Nstor,1
Sawyers,1
Solozbal,1
Vgner,1
Zuasnabar,1
Zulueta,1
Deighton,1
Huntington,1
Kwamina,1
Talbot,1
Pitala,1
Jessica,6
Selby,1
Mazariegos,1
Florido,1
Genki,1
Aksanovich,1
Rosko,1
Ewart,1
Choperena,1
Dvila,1
Erazo,1
Mijares,1
Santilln,1
Schmitt,1
Soracco,1
Kuku,1
Dourado,1
Gavela,1
Germade,1
Pacheco,1
Steimbach,1
Jakobus,1
Chirino,1
Berkeley,1
Galera,2
Macklin,1
Messau,1
Newton,5
Skogheim,1
Tahull,1
Dahiya,1
Grandpierre,1
Krister,1
Valdimir,1
Chang,3
Hammer,1
Hourruitiner,1
Rubalcava,1
Eje,1
Gnter,1
Lars-Erik,2
Mrck,1
Odvar,1
Augustyn,1
Luchiari,1
Kon,2
Quispe,2
Chebolei,1
Gilchrist,1
Harcourt,1
Monteith,1
Morais,1
Jamilah,1
Fini,1
Estiarte,1
Keleku,1
Bni,1
Simn,1
Shane,2
Conkling,1
Nathike,1
Nkemjika,1
Minchev,1
Vives,1
Barta,1
Dan,1
Askari,1
Art,1
Elisabeta,1
Gilmour,1
Harvey,3
Hilton,2
Mason,1
Myrie,1
Riddell,1
Ricky,1
Lawson,2
Brynolf,1
Byron,4
Camacho,1
Donet,1
Garabaya,1
Junco,1
Michavila,1
Palomeque,1
Vasconcelos,1
Verges,2
Hafnor,1
Hans-Joachim,1
Ludewyk,1
Asadovich,1
Pinto,1
Boncheva,1
Dimitrova,2
Ewert,1
Rikard,1
Fesaitu,1
Biete,1
Amedov,1
Ikhvanovich,1
Maaryfovych,1
Miragayevich,1
Nailyevich,1
Rafailevich,1
Raziapovych,1
Samaganovich,1
Shamilovich,1
Shamilyevich,1
Villar,2
Fahimovych,1
Maratovich,1
Zaynullovich,1
Bisibori,1
Nanozzi,1
Norton,2
Rhonda,1
Gerbens,1
Guno,1
Haruo,1
Rodney,1
Shea,1
Attiya,1
Kies,1
Natiq,1
Shetwy,1
Malook,1
Asenjo,1
Rosengren,1
Bilbao,1
Jaffar,1
etin,1
Rashed,1
Mohammadpour,1
Raashid,1
Qaed,1
Aharon,1
Diago,1
Al-Hussain,1
Uralovna,1
Bin,5
Pasoni,1
Viart,1
Prakash,2
Hashemi,1
Akanni,1
Bika,1
Ezedin,1
Koucka,1
Basriev,1
Jebet,1
Ghassan,2
Manners,1
Alans,1
Amendola,1
Flamenco,1
Piera,2
Marcello,1
Mfula,1
Zuhair,1
Jasem,1
Tuomas,2
Yusuf,1
Loutfi,1
Shakir,1
Sabit,1
Ablade,1
Adelebari,1
Aird,1
Anum,1
Crdova,1
Eto'o,1
Hernanz,1
Ireri,1
Kotey,1
McFarlane,1
Okoye,1
Sochukwuma,1
Ovikovich,1
Kwaangu,1
Ni,1
Bouba,1
Gollen,1
Weldemar,1
Catrin,1
Tavres,1
Haruna,1
Tutteli,1
Tri,1
Beitia,1
Caete,1
Goicoechea,1
Idgoras,1
Lpez-Vzquez,1
Manguan,1
Trompeta,1
Urquiaga,1
Zubicoa,1
Labaca,1
Obaid,1
Blengsli,1
Ilonka,1
Josefina,1
Joya,1
Khoshjamal,1
Myriam,1
Rozanne,1
Stefanie,1
Sturgis,1
Dhanraj,1
Prasanna,1
Bhiku,1
Caleb,1
Anne-Marie,2
Hannele,1
Sinikka,2
Farani,1
Keigo,1
Matayalo,1
Aglaia,1
Dzaboyevich,1
Yi,2
Abdollah,1
Khaja,1
Mahmoudpour,1
Rasoul,1
Tewfik,1
Zeeshan,1
Atavovich,1
Carroll,1
Hazzard,1
Helmore,1
Janvier,1
Mohanoe,1
Dominike,1
Foss,1
Coates,1
Jahnsen,1
Keitel,1
Onno,1
Salum,1
Fritiof,1
At,1
Pennat,1
Kole,1
Kunabuli,1
Ejigu,1
Sihveri,1
Biwole,1
Rudolfovich,1
Zakharovich,2
Bartrina,1
Corino,1
Mantecn,1
Pisano,1
Rondon,1
Samatovich,1
Kudusovych,1
Waqanitoga,1
Muenfuh,1
Iliyanov,1
Requejo,1
Frometa,1
Jalal,1
Mojtaba,1
Seferovich,1
Ahmet,1
Moeletsi,1
Haridy,1
Shokirovich,1
Altayevich,1
Karimovich,1
Sakofalefatu,1
Subramaniam,1
Ramrao,1
Rashuan,1
Akter,1
Desforges,1
Erbelau,1
Musa,1
Chajira,1
Autrie,1
Gamal,1
Oneta,1
Marchel,1
Yamasaki,1
Houna,1
Mulia,1
Vithoba,1
Octavia,2
Akhmedov,1
Veranes,1
Master,1
dal,1
Merced,1
Lenk,1
Ambrose,2
Br,1
Gersdorf,1
Synnestvedt,1
Ayouba,1
Dennison,1
Newby,1
Hunte,1
Corvaln,1
Rosabal,1
Moca,1
Huvi,1
Ambros,1
Tsotang,1
Tetsche,1
Kadine,1
Jamieson,1
Karuppiah,1
Gouw,1
Vaveni,1
Taeke,1
Arun,1
Marjatta,1
Sofie,1
Naalamuthu,1
Soria,2
Ruzhinska,1
Istvn,1
Min,5
Agnes,4
Middleton,1
Toro,1
Natalie,1
Albertovna,1
Denisovna,1
Chin,4
Abed,1
Janshed,1
Ndubisi,1
Kishore,1
Violet,1
Mayan,1
Nordstad,1
Abejn,1
Calizaya,1
Lafuente,1
Chanu,2
Chotipat,1
Enda,1
Aristotel,1
Gigel,1
Lyudvikovich,1
Tamazovich,1
Suresh,1
Soilihi,1
Abbasi,1
Arokia,1
Hajipour,1
Kokov,1
Plamenov,1
Sauane,1
Andkjr,1
Birkegaard,1
Christensen,1
Fjordback,1
Nikolaj,1
Sophus,2
Brasil,1
Wahyuni,1
Eleanor,1
Eugeniusz,1
Euzebiusz,1
Feliks,1
Kipleting,1
Kempompo,1
Steensen,1
Bellore,1
Christofer,1
Kenny,1
Koychev,1
Svetoslavova,1
Raffaele,2
Mikhaylova,1
Lund,2
Sture,1
Zefanias,1
Savovych,1
Calvin,1
Grenville,1
Lado,1
McNelly,1
Parnell,1
Malte,1
Oscarsson,1
Raagaard,1
Reine,1
Bredal,1
Hofgaard,1
Myrhj,1
Filipov,1
Zhelyazkova,1
Abrahamian,1
Baziel,1
Diarra,1
Hugues,1
Mbia,1
N'Zue,1
Vehrl,1
Fotso,1
Hodge,1
Ralston,1
Guevane,1
Balada,1
Gafar,1
Waleed,1
Ogorchukwu,1
Lison,1
Munic,1
Suria,1
Agung,1
Maureen,2
Sharp,1
Fraile,1
Pareja,1
Torrejn,1
Garabatos,1
Chandler,2
Singha,1
Pierette,1
Trnvall,1
Maj-Britt,1
Askland,1
Enok,1
Asgeir,1
Gunner,1
Jimmie,2
Lysholt,1
Tommie,1
Tore,1
Cristiansen,1
Geir,1
Hilmar,1
yvind,1
Akhatovna,1
Stepanova,1
Fenton,1
Lorina,1
Lourens,1
Lancaster,1
Ghulam,1
Mushtaq,1
Sameer,1
Olatunde,1
Boris,1
Jebiwott,1
Datty-Ngonga,1
Hasina,1
Hipolit,1
Ralf,1
Halvard,2
Jelani,1
Beng,1
Suero,1
Friev,1
Raikas,1
Ishola,1
Youtiya,1
Qashan,1
Rysbekovich,1
Abalde,1
Selwan,1
Shelah,1
Tola,1
Donna,1
Eloise,1
Ling,4
Ser,1
Tjoe,1
Tjong,1
Wearn,1
Wee,1
Kei,3
Peng,3
Yik,1
Lamarca,1
Gaelene,1
Malietoa,1
Dencheva,1
Aimo,1
Leigh-Anne,1
Tabitha,1
Nadine,1
Aimee,1
Martine,1
Soledad,2
Stepanovna,3
Into,1
Vilhelmi,1
Bolanle,1
Li,3
Chappe,1
Durell,1
Moana,1
Mrquiz,1
Toda,1
Rustom,1
Mbali,1
Withers,1
Edo,2
Alcalde,1
Cuado,1
Nlting,1
Patrcia,1
Moncheva,1
Ludvik,1
Eerik,1
Seppo,1
Davan,1
DeAndre,1
Norlene,1
Abera,1
Babatunde,1
Veli-Pekka,1
Kofe,1
Estifanos,1
Beysikovich,1
Janina,1
Kook,1
Assoufi,1
Murthy,1
Phyu,1
Alphons,1
Caspar,2
Cizeck,1
Bibos,1
Matauaina,1
Sandra,1
Ei,1
Zaw,1
Joris,1
Thin,1
Gim,1
Ging,1
Him,1
Valavan,1
Balla,1
Borge,1
Carlisle,1
Cunningham,1
Doodputlee,1
Graves,1
Grenfell,1
Hedvin,1
Hilt,1
Jahn,1
Mackeprang,1
Morsing,1
O'Brien,1
Wilkens,1
Saw,1
Abega,1
Haug,1
Rubert,1
Asbjrn,1
Bugge,1
Matheus,1
Tuan,1
Ra'shone,1
Splitter,1
Kun,3
Erin,1
Marthenia,1
Gashaw,1
Getent,1
Gevorg,1
Ivaylo,1
Antonius,1
Hilly,1
Kiptanui,1
Maben,1
Okalo,1
Re,2
Tsegaye,1
Hidde,1
Lin,3
Gift,1
Riether,1
Tht,1
Anacleto,1
Stang,1
Laverne,1
Matthews,2
Erkki,1
Heino,1
Juha,1
Aslan,1
Villiam,2
Woodson,1
Petre,2
Carl-Erik,1
Leszek,1
Loren,2
Vigart,1
Barris,1
Nistal,1
Gunn,1
Kaj,1
Z,37
Vannucci,1
Alstrup,1
Getz,1
Ruud,1
Viken,1
Herje,1
Schibsted,1
Dexter,2
Evans,3
Antone,1
Sentell,1
Paparino,1
Carson,1
Marcell,1
Gebre,1
Vaqueriza,1
Bjerke,1
Stenbk,1
Octavio,1
Dng,1
Hiu,2
Thanh,1
Ke,1
Grnning,1
Vegar,1
Haviland,1
Rosenov,1
Kebede,1
Gladys,2
Gebremaryam,1
Veselinov,1
Petrova,1
Lapua,1
Widodo,1
Chye,1
Cantero,1
Eskil,1
Carole,1
Morse,1
Cleotis,1
Vi,1
Alozie,1
Uuno,1
Nadyrbek,1
Hendry,1
Ragner,1
Thommy,1
Dominique,1
Ziya,1
Etxebarra,1
Zea,1
Arado,1
Pentti,1
Selle,1
Edu,1
Removych,1
Semenovych,2
Iosifovich,6
Zenoviyevych,1
Nazirovich,1
Westerberg,1
Nevo,1
Stoev,1
Cristian,1
Dochev,1
Kozmich,1
Xristov,1
Paraso,1
Rocandio,1
Sabate,1
Arnoldovych,1
Bezhanovich,1
Roi,1
Asari,1
Gerson,1
Kostova,1
Der,1
Pandurang,1
Norik,1
Chefer,1
Isabella,1
Veiga,1
Vanakorn,1
Emilova,1
Pandimukkala,1
Ioannis,1
Claudiu,1
Dorel,1
Albertovych,1
Nazarovych,1
Yeremeiovych,1
Seavey,1
Aravena,1
Bigand,1
Chirinos,1
Estrella,1
Palomo,2
Rangel,1
Sada,1
Tantalean,1
Alp,1
Uljas,1
Eguiluz,1
Milette,1
Rosiland,1
Cheryll,1
Artica,1
Eversfield,1
Egebakken,1
Nyaruai,1
Marrier,1
Milanovi,1
Helgi,1
Brugat,1
Calabuig,1
Dalmiro,1
Hibrahim,1
Ithier,1
Pereda,1
Valdero,1
Bignon,1
Mfanafuthi,1
Nosa,1
Nsofor,1
Okechukwu,1
Polydore,1
Alimonda,1
Agum,1
Sandberg,1
Padmini,1
Vishnu,1
Arkadiyovych,1
Bregner,1
Damyanov,1
Dzhonovich,1
Fomich,1
Ganchev,1
Illich,2
Nikitych,2
Oleksivna,1
Yevgeniyevna,1
Einari,1
Bale,1
Sevaka,1
Bkgaard,1
Pegado,1
Jalmar,1
Viljam,2
Ikechuka,1
Kiplangat,1
Massimo,2
Romano,1
Naisaluwaki,1
Biagi,1
Cheptoo,1
Millicent,1
Obiamaka,1
Doina,1
Ara,1
Botella,1
Drago,1
Alexandrina,1
Veli,1
Badana,1
Albertovich,2
Stellin,1
Laureen,1
Noverre,1
Micaela,1
Kretzmann,1
Alfredovich,1
Averyanovich,1
Gavrilevich,1
Guryevich,1
Miroslav,1
Mykolaiovich,1
Tymofiyovych,1
Frolovich,1
Bolesaw,2
Kajetan,1
Fahim,1
Yudhi,1
Souza,1
Arcos,1
Claudiano,1
Al-Mohamed,1
Bakhit,1
Breeze,1
Kirtland,1
Macafee,1
Desiderio,1
Donogan,1
Gell,1
Lemos,1
Mathers,1
Newell,1
Remy,1
Salvatore,1
Seaforth,1
Stark,1
Witold,2
Mateo,1
Stanton,2
DeHaven,1
Granados,1
Randall,2
Fadhl,1
Aswad,1
Elbridge,1
Sahra,1
Zofia,2
Tikiariki,1
Chase,1
Jordan,3
Kazuo,1
Mwalawanda,1
Coto,1
Vlez,1
Tevoedjre,1
Andrews,1
Baines,1
Bathurst,1
Bill,1
Brittain,2
Brownlow,1
Camielle,1
Corbett,1
Cullen,1
Cuthbert,1
Dermod,1
Encarnacin,1
Eulogio,1
Faulder,1
Homan,1
Kron,1
Leyland,1
Lister,1
Longstreth,1
McNear,1
Neizer,1
Oloonkishu,1
Phythian,1
Poultney,1
Quinn,1
Ridout,1
Rolph,1
Rosenbir,1
Silen,1
Stephens,1
Sullivan,1
Wadley,1
Wadsworth,2
Steinert,1
Crisanto,1
Boit,1
Thi,2
Binti,1
Mumba,1
Bonifacy,1
Herrmann,1
Horst,1
Mew,1
Yew,1
So,1
Khe,1
Ching,4
Xing,2
Castillano,1
Civit,1
Isasa,1
Llobet,1
Zequeira,1
Yuan,1
Jarso,1
Mestre,1
Ribeaux,1
Saba,1
Flor,1
Zambrano,1
Romay,1
Barthelem,1
Naing,1
Borlot,1
Seyoum,1
Carrero,1
Rusev,1
Pow,1
Plutn,1
Neda,1
Begm,1
Ecem,1
zlem,1
Copello,1
Farah,1
Tit,1
Al-Hurriya,1
Aydarovna,1
Fyodorovna,1
Ralifovna,1
Vadimovna,1
Ylmaz,1
Andonisovna,1
Veniaminovna,1
Andriyanovna,1
Alamirew,1
Arencibia,1
Gek,1
Zhorayevna,1
Centeno,1
Venisia,1
Luen,2
Makarovich,1
Serafimovich,1
Yevganyevich,1
Mewoli,1
Pur,1
Eilert,1
Hilmer,1
Iriarte,1
Dueas,1
Shiferaw,1
Filipova,1
Lyubenova,1
Duraona,1
Ugs,1
Kessel,1
Aragn,1
Sissokho,1
Abid,1
El-Nasri,1
Juurd,1
Antti,1
Amarielle,1
Camilo,1
Kau,2
Antonovna,1
Emanulivna,1
Yakunovna,1
Yim,1
Noris,1
Nzhet,1
Requena,1
Yosifov,1
Laborde,1
Naumovych,1
Avanesovich,1
Sili,1
Bicet,1
Santiusti,1
Alhassan,1
Gktu,1
Hagen,1
Pascal,1
Avis,1
Trevino,1
Sarrazola,1
Dehghan,1
Husniah,1
Gwandu,1
Alimradovna,1
Georgia,1
Kircor,1
Abukarovna,1
Czesaw,1
Sanginovna,1
Vensanovych,1
Yerkinovna,1
Feliksivna,1
Vanev,1
Lianne,1
Samantha,1
Ez,1
Abzetta,1
Ern,1
Sarkadi,1
Fuentes-Pila,1
Cirimele,1
Jakub,1
la,1
Wheeler,1
Zumbano,1
Jozsef,1
Tams,1
Nezahat,1
Bednarczuk,1
Irn,1
Yldrm,1
Bjrn,1
Casasayas,1
Mumbr,1
Dohi,1
Ugo,1
Burrell,1
Alcide,1
Hilaire,1
Cuetos,1
Edmundo,1
Fontane,1
Janiquet,1
Mullera,1
Santamarina,1
Uribe,1
Barreiro,1
Kibanza,1
Moussambani,1
Asiain,1
Barrena,1
Bonfiglio,1
Palomino,1
Rebolleda,1
Soliz,1
Yerba,1
Hakk,1
Yavuz,1
Loco,1
der,1
Hilliard,2
Rhea,1
Bean,1
Layfield,1
Sanders,2
Barawis,1
Nageak,1
Hicks,1
Montgomery,1
McIver,1
Murphy,1
Garrison,1
Brown,4
Bard,1
Bing,1
Celestine,1
Cardenas,1
Burns,2
Geovanni,1
Core,1
Cupps,1
Ramsey,1
Lourenco,1
Risher,1
Kurtley,1
Jennings,1
Mone,1
Colvin,1
Snell,1
Frost,4
Delacruz,1
Score,1
Leighty,1
Bush,1
Pantallion,1
Weems,1
Herd,1
Eubanks,1
Rich,1
Adhane,2
II,16
IV,16
III,45
Fiskerstand,1
Leong,2
U,10
Keung,8
Kiak,1
Ho,9
Dionesio,1
Yong,6
Chuen,1
Hyung,2
Ju,3
Soo,8
Yin,5
Hung,11
Leung,3
Fai,4
Feldborg,1
Trane,1
Pin,2
Kai,1
Nabor,1
Cheol,3
Hye,1
Hoon,3
Aurelia,1
Bjerremann,1
Tanya,2
Joon,5
Hae,2
Chan,2
Seog,1
Yue,2
Fan,3
Bobby,1
Yiu,2
Shing,2
Zhen,1
Kuong,1
Parsons,1
Sang,6
Alain,1
Hoe,1
Shan,1
Yul,1
Makoto,1
Felice,1
Kil,2
Jin,5
Dong,3
Jing,1
Yip,1
Kyun,4
Heong,1
Tiziana,1
Hayashi,3
Gook,1
Tat,1
Wen,2
Sil,1
Pat,4
Hun,1
Miki,3
Chanelle,1
Woo,3
Esperanza,1
Tae,1
Song,1
Dino,1
Hag,1
Wah,4
Eun,1
Ryong,1
Lam,3
Bae,1
Huat,1
Hsia,1
Rosana,1
Chul,5
Shih,2
Won,2
Juerg,1
Yeol,1
Chyun,1
Sik,10
Mi,2
Ok,3
Gabriella,1
Kyoo,1
Seong,1
Hyun,3
Nam,3
Chee,1
Lina,1
Kaye,2
Gyoo,1
Heui,1
Sung,1
Goffredo,1
Sun,2
Hwa,3
Jung,3
Concetta,1
Angela,3
Dieno,1
Mancini,1
Ik,1
Tong,4
Seok,1
Bao,1
Fung,2
Su,3
Do,1
Bridget,1
Keong,1
Heung,1
Kyung,2
Ja,3
Detlev,1
Gwan,1
Noe,1
Kwon,1
Grazia,2
Ra,2
Il,6
Ryul,2
Eui,2
Cheyech,1
Nate,1
Yam,1
Butters,1
Mok,2
Tornbo,1
Hsiang,2
Garang,1
Flensbak,1
Hamish,1
Bogomir,2
Aiken,2
Hang,2
Chih,1
Wa,2
Gui,1
Po,3
Engberg,1
Buch,1
Fe,2
Jose,6
Kang,1
Beom,1
Emanuele,1
Elias,1
Buur,1
Brandt,1
Feng,2
Boel,1
Tiong,1
Boum,1
Choong,1
Cummings,1
Hing,3
Caitlyn,1
Kw,1
Dritz,1
Ted,2
Xinxin,1
March,2
Tien,1
Joong,2
Baugh,1
Rosenmejer,1
Diana,1
Meng,1
Alois,1
Brennan,1
Yu,2
Ha,1
Josee,1
Rigby,2
Jong,1
Yun,1
Dae,1
In,1
Swing,1
Sen,1
Duk,1
Marina,1
Simone,1
Sub,1
Gantzhorn,1
Hyee,1
Lan,1
Gon,1
Ae,1
Sook,2
Sloth,1
Frieda,1
Bessie,1
Hanna,2
Cheng,1
Arnoldo,1
Sheng,1
Brendan,1
Zu,1
Catalina,1
Chieng,1
Gjengedal,1
Hua,3
Aarli,1
Tak,1
Ball,1
Cyr,1
Cheung,1
Kwang,1
He,1
Lun,1
Yat,1
Pond,1
Fen,1
Kuang,1
Hsiung,1
Gang,1
Kiernan,1
Zanne,1
Yassir,1
Phin,1
Belen,1
Wook,1
Sob,1
Geun,1
Hernan,1
Long,2
Saori,1
Gyu,1
Sunny,1
Eok,1
Nolen,1
Pu,1
Sunn,1
Smari,1
Edimilson,1
Christophe,1
Audrey,1
Hutter,1
Chit,1
Tvedt,1
Annmarie,1
Simonetta,1
Hyeon,1
Nes,1
Cintia,1
Sai,1
Kio,1
Xiong,1
Norbert,1
Ran,1
Ku,1
Yeul,1
Jian,1
Youn,1
Arif,1
Roberta,1
Jenny,1
Corey,1
Shian,1
Priya,1
Qiong,1
Seh,1
Zan,1
Rosaria,1
Refugio,1
Lann,1
Lok,1
Eyvonne,1
Bonham,4
Diamond,4
Dee,1
Ivory,8
Dice,1
Bond,3
Quintin,1
Flynn,2
Rajendra,1
Pinkett,2
Baker,1
Love,3
Thuthob,1
Du,2
Rukh,9
Chiu-Wai,5
Jill,1
Lie,2
the,3
Sandino,1
Dewan,1
Baron,8
Noni,1
Beck,1
Babett,1
Kiki,1
Haden,1
Easton,5
Holden,3
Louisianna,1
Ostern,1
Rivers,1
Bashevis,1
Sheane,5
McKelvey,1
Sacret,1
Alden,2
Read,3
Higgins,1
Amadeus,1
Scotch,1
Lum,1
Don,1
Fenimore,1
Mickey,2
Milburn,1
Roe,1
Hodgson,2
McGarry,1
Schor,1
Laurie,1
Goldberg,1
Prawer,1
Dawes,2
O'Neal,1
Haskell,1
Bar,1
Davies,1
Rice,1
Hadley,1
Hammerstein,1
Lu,1
Brandon,1
Cash,1
Keenan,1
Sanxay,1
Apak,1
Cressida,4
Budington,1
Cottrell,4
Larson,1
Dubus,1
Estelle,2
Angelica,1
Iver,1
Brosh,5
Safran,1
Arlen,1
Parti,1
Gomez,1
Burnham,1
Ajvide,1
Giffen,1
Winding,3
Rock,1
Jai,1
Cow,1
Fupz,2
Snyder,1
Lily,1
Fremon,1
Adina,1
Sankar,1
Vermilye,1
al-Wafa',1
Macleod,1
Arnoldus,1
Danilovich,2
Mansur,1
of,54
Bates,1
Meadows,1
Eliot,1
Hawks,1
Torroja,1
Moiseevich,1
Wentworth,1
Mock,1
Muirhead,1
Ridsdale,1
Narayana,1
Barberino,1
Cahn,1
Edensor,1
Baran,1
Mac,2
Cronin,1
Arnott,1
Callister,1
Nightingale,1
al-Din,3
Ames,1
Willard,1
Seio,1
Sealy,1
Chisholm,2
Odlanicki,1
Randolph,1
Rowe,1
Las,1
Herries,1
Seely,1
Asker,1
Dinh,1
Sejersted,1
Conyers,1
Dines,1
Yurii,1
Gilston,1
Kingsmill,1
Nazrul,1
Gennadievich,2
Sanjeevaraya,1
Bache,1
Anson,1
Gemmell,1
Zuber,1
Nicodemus,1
Edouard,1
Newsome,1
Nikolaevich,2
Acronius,1
Buchanan,1
Manwar,1
Greenlees,1
Osgood,1
te,1
Vasudevan,1
Diaz,1
Grotjan,1
Everest,1
Rumsey,1
Nad,1
Radford,1
Hilford,1
ibn,10
Edgerton,1
Friederich,1
Martyn,2
Lid,1
Gitler,1
Dharmananda,1
Minshall,1
Yi-Lin,1
Frazier,1
Haahr,1
della,2
Ittner,1
Vasilievich,1
Langley,1
Zayd,1
Dimon,1
Markovich,1
Fry,1
Cockburn,1
Pillar,1
Fair,1
Pollock,1
Rufimovich,1
Adolfas,1
Sylvester,1
Preiss,1
Colton,1
Kells,1
Minicozzi,1
Sime,1
MacFarland,1
Creed,1
Hamza,1
Nikolaevna,1
Camiel,1
Witt,1
degli,1
Masoom,1
bar,1
Wingate,1
Picarte,1
Celine,1
Handley,1
Hopwood,1
bey,1
Everist,1
Coleman,1
Davidson,1
Little,1
Bhagvandas,1
Fedorovic,1
Jafar,1
Selwyn,1
Adelaide,1
Waterman,1
Birkbeck,1
Inayat,1
Rosanoff,1
Cole,1
Adna,1
Hickman,1
Garavito,1
Heylyn,1
Mete,1
Johnston,1
Lyttle,1
Carsten,1
Schaumberg,1
Ballard,1
Tian,1
Lay,1
Lowell,2
Mykolayovych,1
Indan,1
Crumrine,1
Manie,1
Claudette,1
Farquharson,1
Han,1
Lyth,1
Elia,1
Edmunds,1
Adebola,1
Law,1
Taunton,1
Plimpton,1
Cleophas,1
Horton,2
Zinovyevich,1
Samoilovitch,1
Pitt,1
Phoebe,1
Sowerby,1
Krarup,1
Synge,1
Herrick,1
Lewin,1
Phelps,1
Ibn,1
Ladislaw,1
Lages,1
Fedorovich,1
Rawlingson,1
Vasilevich,1
Grigorevich,1
Sigismund,1
Kingdon,1
Abiathar,1
Loewenberg,1
Nixon,1
Wolcott,1
Loja,1
Tour,1
Hoff,1
Shripad,1
Guido,1
Cornaro,1
Cabourn,1
Mire,1
Gaetana,1
Macnaghten,1
Botarel,1
Batchelder,1
Piazzola,1
Duffield,1
al-Quzat,1
Pio,1
Aaronson,1
Wynne,1
Omololu,1
Lent,1
Ma'shar,1
Barnard,1
Mackintosh,1
Hogbe,1
Rinnooy,1
Lighton,1
McNair,1
Nasr,1
Watt,1
Mathieu,1
Adol'fovich,1
Althaus,1
Dalgleish,1
Laxman,1
Fleetwood,1
Sanborn,1
al-Banna',1
Joannes,1
Whelan,1
Aranovich,1
Mann,1
Jayaratnam,1
Lodge,1
Fogg,1
Sarasvati,1
Neelakandhan,1
Cordia,1
Abramovich,1
Lvovitch,1
Maximilian,1
an,1
Maswood,1
Boole,1
Farley,1
Shankar,3
Abram,2
Norberg,1
Semenovich,1
Raziuddin,1
Threlkeld,1
Burton,1
Baley,1
Abbati,1
Nathanael,1
Dumitru,1
Narayan,1
Severin,1
Dayal,1
Mihajlovna,1
Strauch,1
Russel,1
Girolamo,1
Eberle,1
Aall,1
Murdoch,1
Baqir,1
Curt,1
Wilcox,1
Key,1
Abbot,1
Prabhakar,1
Morton,1
Hawthorn,1
Cayo,1
Curfman,1
Viriamu,1
Ricalde,1
Dmitrievich,2
Barker,1
Ysidro,1
al-Hasib,1
Hughes,1
Lazare,1
Beery,1
Bidwell,1
Cardew,1
Bhan,1
McFadden,1
Odell,1
Almira,1
Maud,1
Burt,1
Froese,1
Sturmius,1
Waters,1
Crum,1
Tao,1
Piore,1
Hiram,1
Forsyth,1
Grigorievich,1
Grillo,1
Penna,1
Sjerp,1
Walcott,1
Altshiller,1
Mitchinson,1
Hawksley,1
Schinella,1
Longin,1
Bidhan,1
Doniphan,1
Mohan,1
Natanovich,1
Moutinho,1
Searle,1
Sturgeon,1
Herschel,1
Angas,1
Hubard,1
Penfold,1
Evgen'evich,1
J-B,1
Baptist,1
Hewitt,1
Royal,1
Selig,1
Narayanan,1
Rowan,1
Yahuza,1
Couch,1
Vasudeo,1
Winkler,1
Woodard,1
